ID;Kalenderwoche;Artikel;;;;;Bruttobetrag;Nettobetrag;;;Verkaufte StÅcke;Gewicht verkauft;;Durchschnittlicher Preis;;;;Rabattierter Betrag;Durchschnittlicher Rabatt;Referenzbetrag;;;;Ref %;;Tot %Umsatz;Jahr
1;33;A10000;KÅche;;;;103.00;103.00;;;15;;;6.87;;;;0.00;0.00;103.00;;;;100.00;;1.00;2015
2;33;A10001;Favorite;;;;3'110.00;3'110.00;;;404;;;7.70;;;;0.00;0.00;3'110.00;;;;100.00;;30.16;2015
3;33;A10002;Green;;;;2'600.00;2'600.00;;;345;;;7.54;;;;0.00;0.00;2'600.00;;;;100.00;;25.21;2015
4;33;A10004;Brot StÅck;;;;0.30;0.30;;;1;;;0.30;;;;0.00;0.00;0.30;;;;100.00;;0.00;2015
5;33;A10005;Menu Suppe;;;;37.50;37.50;;;25;;;1.50;;;;0.00;0.00;37.50;;;;100.00;;0.36;2015
6;33;A10006;Menu Salat;;;;316.00;316.00;;;206;;;1.53;;;;0.00;0.00;316.00;;;;100.00;;3.06;2015
7;33;A10007;Senf Mayo Ketschup;;;;3.50;3.50;;;7;;;0.50;;;;0.00;0.00;3.50;;;;100.00;;0.03;2015
8;33;A10011;Kitchen 1;;;;683.00;683.00;;;70;;;9.76;;;;0.00;0.00;683.00;;;;100.00;;6.62;2015
9;33;A10013;Kitchen 3;;;;382.00;382.00;;;32;;;11.94;;;;0.00;0.00;382.00;;;;100.00;;3.70;2015
10;33;A10014;Kitchen 4;;;;519.00;519.00;;;41;;;12.66;;;;0.00;0.00;519.00;;;;100.00;;5.03;2015
11;33;A10020;Local 0;;;;1'596.00;1'596.00;;;212;;;7.53;;;;0.00;0.00;1'596.00;;;;100.00;;15.48;2015
12;33;A10030;Market;;;;248.30;248.30;;;35;10.75;;23.10;;;;0.00;0.00;248.30;;;;100.00;;2.41;2015
13;33;A10040;Garden;;;;257.20;257.20;;;34;11.01;;23.36;;;;0.00;0.00;257.20;;;;100.00;;2.49;2015
14;33;A10061;Frucht -.80;;;;2.40;2.40;;;3;;;0.80;;;;0.00;0.00;2.40;;;;100.00;;0.02;2015
15;33;A10063;Frucht 1.00;;;;5.00;5.00;;;5;;;1.00;;;;0.00;0.00;5.00;;;;100.00;;0.05;2015
16;33;A10070;Yogurt 150g;;;;2.10;2.10;;;1;;;2.10;;;;0.00;0.00;2.10;;;;100.00;;0.02;2015
17;33;A100700;Yogi;;;;1.60;1.60;;;1;;;1.60;;;;0.00;0.00;1.60;;;;100.00;;0.02;2015
18;33;A10072;Schichtjoghurt;;;;9.00;9.00;;;3;;;3.00;;;;0.00;0.00;9.00;;;;100.00;;0.09;2015
19;33;A10073;SaisonfrÅchte geschnitten;;;;14.00;14.00;;;4;;;3.50;;;;0.00;0.00;14.00;;;;100.00;;0.14;2015
20;33;A10074;Milchreis;;;;2.30;2.30;;;1;;;2.30;;;;0.00;0.00;2.30;;;;100.00;;0.02;2015
21;33;A10100;Gipfel;;;;1.30;1.30;;;1;;;1.30;;;;0.00;0.00;1.30;;;;100.00;;0.01;2015
22;33;A10101;Ragusa-Gipfel ;;;;19.70;19.70;;;8;;;2.46;;;;0.00;0.00;19.70;;;;100.00;;0.19;2015
23;33;A10103;Vanille-Gipfel;;;;4.80;4.80;;;2;;;2.40;;;;0.00;0.00;4.80;;;;100.00;;0.05;2015
24;33;A10111;Schoggi Fair;;;;2.20;2.20;;;1;;;2.20;;;;0.00;0.00;2.20;;;;100.00;;0.02;2015
25;33;A10114;Fitnessbrîtli ;;;;1.70;1.70;;;1;;;1.70;;;;0.00;0.00;1.70;;;;100.00;;0.02;2015
26;33;A10119;Studentenschnitte ;;;;2.90;2.90;;;1;;;2.90;;;;0.00;0.00;2.90;;;;100.00;;0.03;2015
27;33;A10121;Mandelschnecke ;;;;5.30;5.30;;;2;;;2.65;;;;0.00;0.00;5.30;;;;100.00;;0.05;2015
28;33;A10122;Nussbrille;;;;2.40;2.40;;;1;;;2.40;;;;0.00;0.00;2.40;;;;100.00;;0.02;2015
29;33;A10123;Russenzîpfli;;;;2.40;2.40;;;1;;;2.40;;;;0.00;0.00;2.40;;;;100.00;;0.02;2015
30;33;A10126;Apfel im Schlafrock;;;;2.40;2.40;;;1;;;2.40;;;;0.00;0.00;2.40;;;;100.00;;0.02;2015
31;33;A10127;Aprikosenplunder;;;;2.40;2.40;;;1;;;2.40;;;;0.00;0.00;2.40;;;;100.00;;0.02;2015
32;33;A10128;Aprikosenjalousie;;;;2.40;2.40;;;1;;;2.40;;;;0.00;0.00;2.40;;;;100.00;;0.02;2015
33;33;A10130;Vanillekreuz;;;;2.40;2.40;;;1;;;2.40;;;;0.00;0.00;2.40;;;;100.00;;0.02;2015
34;33;A10131;Vanille/Apfelstange;;;;2.40;2.40;;;1;;;2.40;;;;0.00;0.00;2.40;;;;100.00;;0.02;2015
35;33;A10135;WÑhe;;;;31.20;31.20;;;8;;;3.90;;;;0.00;0.00;31.20;;;;100.00;;0.30;2015
36;33;A10144;TrockengebÑck 100g verpackt;;;;15.90;15.90;;;7;;;2.27;;;;0.00;0.00;15.90;;;;100.00;;0.15;2015
37;33;A10148;Fruchttîrtli;;;;7.20;7.20;;;3;;;2.40;;;;0.00;0.00;7.20;;;;100.00;;0.07;2015
38;33;A10200;BirchermÅesli Classic;;;;26.10;26.10;;;8;;;3.26;;;;0.00;0.00;26.10;;;;100.00;;0.25;2015
39;33;A10410;Sandwich Milano;;;;32.00;32.00;;;8;;;4.00;;;;0.00;0.00;32.00;;;;100.00;;0.31;2015
40;33;A10411;Sandwich Power Ham;;;;12.00;12.00;;;3;;;4.00;;;;0.00;0.00;12.00;;;;100.00;;0.12;2015
41;33;A10413;Sandwich Start Your Day;;;;9.50;9.50;;;2;;;4.75;;;;0.00;0.00;9.50;;;;100.00;;0.09;2015
42;33;A10414;Sandwich Ham & Cheese;;;;33.50;33.50;;;6;;;5.58;;;;0.00;0.00;33.50;;;;100.00;;0.32;2015
43;33;A10415;Sandwich Turkey;;;;44.50;44.50;;;8;;;5.56;;;;0.00;0.00;44.50;;;;100.00;;0.43;2015
44;33;A10416;Sandwich Ticinese;;;;37.50;37.50;;;6;;;6.25;;;;0.00;0.00;37.50;;;;100.00;;0.36;2015
45;33;A10425;Sandwich Italien;;;;12.50;12.50;;;2;;;6.25;;;;0.00;0.00;12.50;;;;100.00;;0.12;2015
46;33;A10430;Bagel Sandwich Fisherman's Catch;;;;17.00;17.00;;;3;;;5.67;;;;0.00;0.00;17.00;;;;100.00;;0.16;2015
47;33;A10438;FB Sandwich Ham & Co;;;;16.50;16.50;;;3;;;5.50;;;;0.00;0.00;16.50;;;;100.00;;0.16;2015
48;33;A10441;FB Sandwich Ham & Cheese;;;;11.00;11.00;;;2;;;5.50;;;;0.00;0.00;11.00;;;;100.00;;0.11;2015
49;33;A10442;FB Sandwich Neptun;;;;16.50;16.50;;;3;;;5.50;;;;0.00;0.00;16.50;;;;100.00;;0.16;2015
50;33;A10450;Sandwich Laugenkaiser;;;;8.00;8.00;;;2;;;4.00;;;;0.00;0.00;8.00;;;;100.00;;0.08;2015
51;33;A10451;Sandwich Bauette;;;;35.50;35.50;;;7;;;5.07;;;;0.00;0.00;35.50;;;;100.00;;0.34;2015
52;34;A10000;KÅche;;;;298.20;298.20;;;49;;;6.09;;;;0.00;0.00;298.20;;;;100.00;;3.94;2015
53;34;A10001;Favorite;;;;3'163.00;3'163.00;;;383;;;8.26;;;;0.00;0.00;3'163.00;;;;100.00;;41.79;2015
54;34;A10002;Green;;;;2'128.00;2'128.00;;;264;;;8.06;;;;0.00;0.00;2'128.00;;;;100.00;;28.12;2015
55;34;A10003;nur Fleisch Favorite;;;;6.00;6.00;;;1;;;6.00;;;;0.00;0.00;6.00;;;;100.00;;0.08;2015
56;34;A10006;Menu Salat;;;;151.50;151.50;;;95;;;1.59;;;;0.00;0.00;151.50;;;;100.00;;2.00;2015
57;34;A10011;Kitchen 1;;;;159.00;159.00;;;16;;;9.94;;;;0.00;0.00;159.00;;;;100.00;;2.10;2015
58;34;A10012;Kitchen 2;;;;48.00;48.00;;;4;;;12.00;;;;0.00;0.00;48.00;;;;100.00;;0.63;2015
59;34;A10013;Kitchen 3;;;;763.00;763.00;;;64;;;11.92;;;;0.00;0.00;763.00;;;;100.00;;10.08;2015
60;34;A10014;Kitchen 4;;;;160.00;160.00;;;12;;;13.33;;;;0.00;0.00;160.00;;;;100.00;;2.11;2015
61;34;A10023;Local 3;;;;71.00;71.00;;;6;;;11.83;;;;0.00;0.00;71.00;;;;100.00;;0.94;2015
62;34;A10024;Local 4;;;;211.00;211.00;;;16;;;13.19;;;;0.00;0.00;211.00;;;;100.00;;2.79;2015
63;34;A10040;Garden;;;;237.10;237.10;;;33;10.22;;23.19;;;;0.00;0.00;237.10;;;;100.00;;3.13;2015
64;34;A10063;Frucht 1.00;;;;8.00;8.00;;;8;;;1.00;;;;0.00;0.00;8.00;;;;100.00;;0.11;2015
65;34;A10064;Frucht 1.20;;;;1.20;1.20;;;1;;;1.20;;;;0.00;0.00;1.20;;;;100.00;;0.02;2015
66;34;A10065;Frucht 1.30;;;;1.30;1.30;;;1;;;1.30;;;;0.00;0.00;1.30;;;;100.00;;0.02;2015
67;34;A10072;Schichtjoghurt;;;;6.00;6.00;;;2;;;3.00;;;;0.00;0.00;6.00;;;;100.00;;0.08;2015
68;34;A10073;SaisonfrÅchte geschnitten;;;;3.50;3.50;;;1;;;3.50;;;;0.00;0.00;3.50;;;;100.00;;0.05;2015
69;34;A10104;Schoggi-Gipfel ;;;;7.70;7.70;;;3;;;2.57;;;;0.00;0.00;7.70;;;;100.00;;0.10;2015
70;34;A10114;Fitnessbrîtli ;;;;1.70;1.70;;;1;;;1.70;;;;0.00;0.00;1.70;;;;100.00;;0.02;2015
71;34;A10116;Semmel ;;;;2.80;2.80;;;2;;;1.40;;;;0.00;0.00;2.80;;;;100.00;;0.04;2015
72;34;A10123;Russenzîpfli;;;;2.90;2.90;;;1;;;2.90;;;;0.00;0.00;2.90;;;;100.00;;0.04;2015
73;34;A10126;Apfel im Schlafrock;;;;2.40;2.40;;;1;;;2.40;;;;0.00;0.00;2.40;;;;100.00;;0.03;2015
74;34;A10127;Aprikosenplunder;;;;4.80;4.80;;;2;;;2.40;;;;0.00;0.00;4.80;;;;100.00;;0.06;2015
75;34;A10136;Muffin;;;;2.50;2.50;;;1;;;2.50;;;;0.00;0.00;2.50;;;;100.00;;0.03;2015
76;34;A10200;BirchermÅesli Classic;;;;28.80;28.80;;;9;;;3.20;;;;0.00;0.00;28.80;;;;100.00;;0.38;2015
77;34;A10400;Sandwich klein;;;;36.00;36.00;;;9;;;4.00;;;;0.00;0.00;36.00;;;;100.00;;0.48;2015
78;34;A10401;Sandwich Mittel;;;;31.00;31.00;;;6;;;5.17;;;;0.00;0.00;31.00;;;;100.00;;0.41;2015
79;34;A10403;Bagel 1;;;;11.00;11.00;;;2;;;5.50;;;;0.00;0.00;11.00;;;;100.00;;0.15;2015
80;34;L19000;Brotwaren offen;;;;7.00;7.00;;;1;;;7.00;;;;0.00;0.00;7.00;;;;100.00;;0.09;2015
81;34;L19100;Patisserie offen;;;;4.60;4.60;;;2;;;2.30;;;;0.00;0.00;4.60;;;;100.00;;0.06;2015
82;34;L19200;Sandwich offen;;;;9.00;9.00;;;2;;;4.50;;;;0.00;0.00;9.00;;;;100.00;;0.12;2015
83;35;A10000;KÅche;;;;140.00;140.00;;;34;;;4.12;;;;0.00;0.00;140.00;;;;100.00;;1.95;2015
84;35;A10001;Favorite;;;;3'016.00;3'016.00;;;361;;;8.35;;;;0.00;0.00;3'016.00;;;;100.00;;41.92;2015
85;35;A10002;Green;;;;1'736.00;1'736.00;;;217;;;8.00;;;;0.00;0.00;1'736.00;;;;100.00;;24.13;2015
86;35;A10006;Menu Salat;;;;123.50;123.50;;;77;;;1.60;;;;0.00;0.00;123.50;;;;100.00;;1.72;2015
87;35;A10007;Senf Mayo Ketschup;;;;1.00;1.00;;;2;;;0.50;;;;0.00;0.00;1.00;;;;100.00;;0.01;2015
88;35;A10010;Kitchen 0;;;;9.00;9.00;;;1;;;9.00;;;;0.00;0.00;9.00;;;;100.00;;0.13;2015
89;35;A10011;Kitchen 1;;;;653.00;653.00;;;63;;;10.37;;;;0.00;0.00;653.00;;;;100.00;;9.08;2015
90;35;A10014;Kitchen 4;;;;435.00;435.00;;;31;;;14.03;;;;0.00;0.00;435.00;;;;100.00;;6.05;2015
91;35;A10020;Local 0;;;;462.00;462.00;;;57;;;8.11;;;;0.00;0.00;462.00;;;;100.00;;6.42;2015
92;35;A10021;Local 1;;;;99.00;99.00;;;10;;;9.90;;;;0.00;0.00;99.00;;;;100.00;;1.38;2015
93;35;A10040;Garden;;;;298.10;298.10;;;41;12.85;;23.19;;;;0.00;0.00;298.10;;;;100.00;;4.14;2015
94;35;A10063;Frucht 1.00;;;;7.00;7.00;;;7;;;1.00;;;;0.00;0.00;7.00;;;;100.00;;0.10;2015
95;35;A10071;Quark;;;;3.40;3.40;;;2;;;1.70;;;;0.00;0.00;3.40;;;;100.00;;0.05;2015
96;35;A10072;Schichtjoghurt;;;;3.00;3.00;;;1;;;3.00;;;;0.00;0.00;3.00;;;;100.00;;0.04;2015
97;35;A10073;SaisonfrÅchte geschnitten;;;;3.50;3.50;;;1;;;3.50;;;;0.00;0.00;3.50;;;;100.00;;0.05;2015
98;35;A10110;Sonnenblumenbrîtli;;;;1.70;1.70;;;1;;;1.70;;;;0.00;0.00;1.70;;;;100.00;;0.02;2015
99;35;A10112;Maisbrîtli;;;;1.70;1.70;;;1;;;1.70;;;;0.00;0.00;1.70;;;;100.00;;0.02;2015
100;35;A10116;Semmel ;;;;1.40;1.40;;;1;;;1.40;;;;0.00;0.00;1.40;;;;100.00;;0.02;2015
101;35;A10123;Russenzîpfli;;;;2.40;2.40;;;1;;;2.40;;;;0.00;0.00;2.40;;;;100.00;;0.03;2015
102;35;A10124;Kirschenstange;;;;4.80;4.80;;;2;;;2.40;;;;0.00;0.00;4.80;;;;100.00;;0.07;2015
103;35;A10127;Aprikosenplunder;;;;9.60;9.60;;;4;;;2.40;;;;0.00;0.00;9.60;;;;100.00;;0.13;2015
104;35;A10148;Fruchttîrtli;;;;2.90;2.90;;;1;;;2.90;;;;0.00;0.00;2.90;;;;100.00;;0.04;2015
105;35;A10200;BirchermÅesli Classic;;;;32.00;32.00;;;10;;;3.20;;;;0.00;0.00;32.00;;;;100.00;;0.44;2015
106;35;A10400;Sandwich klein;;;;41.00;41.00;;;10;;;4.10;;;;0.00;0.00;41.00;;;;100.00;;0.57;2015
107;35;A10401;Sandwich Mittel;;;;21.00;21.00;;;4;;;5.25;;;;0.00;0.00;21.00;;;;100.00;;0.29;2015
108;35;A10402;Sandwich Gross;;;;24.00;24.00;;;4;;;6.00;;;;0.00;0.00;24.00;;;;100.00;;0.33;2015
109;35;A10403;Bagel 1;;;;27.50;27.50;;;5;;;5.50;;;;0.00;0.00;27.50;;;;100.00;;0.38;2015
110;35;A10404;Bagel 2;;;;12.00;12.00;;;2;;;6.00;;;;0.00;0.00;12.00;;;;100.00;;0.17;2015
111;35;A10405;Sandwich;;;;9.00;9.00;;;2;;;4.50;;;;0.00;0.00;9.00;;;;100.00;;0.13;2015
112;35;L19100;Patisserie offen;;;;10.50;10.50;;;4;;;2.63;;;;0.00;0.00;10.50;;;;100.00;;0.15;2015
113;35;L19200;Sandwich offen;;;;4.50;4.50;;;1;;;4.50;;;;0.00;0.00;4.50;;;;100.00;;0.06;2015
114;36;A10000;KÅche;;;;139.00;139.00;;;22;;;6.32;;;;0.00;0.00;139.00;;;;100.00;;1.78;2015
115;36;A10001;Favorite;;;;3'166.00;3'166.00;;;383;;;8.27;;;;0.00;0.00;3'166.00;;;;100.00;;40.56;2015
116;36;A10002;Green;;;;1'663.00;1'663.00;;;205;;;8.11;;;;0.00;0.00;1'663.00;;;;100.00;;21.31;2015
117;36;A10006;Menu Salat;;;;147.50;147.50;;;93;;;1.59;;;;0.00;0.00;147.50;;;;100.00;;1.89;2015
118;36;A10007;Senf Mayo Ketschup;;;;4.50;4.50;;;9;;;0.50;;;;0.00;0.00;4.50;;;;100.00;;0.06;2015
119;36;A10011;Kitchen 1;;;;640.00;640.00;;;64;;;10.00;;;;0.00;0.00;640.00;;;;100.00;;8.20;2015
120;36;A10013;Kitchen 3;;;;145.00;145.00;;;12;;;12.08;;;;0.00;0.00;145.00;;;;100.00;;1.86;2015
121;36;A10014;Kitchen 4;;;;512.00;512.00;;;40;;;12.80;;;;0.00;0.00;512.00;;;;100.00;;6.56;2015
122;36;A10020;Local 0;;;;729.00;729.00;;;91;;;8.01;;;;0.00;0.00;729.00;;;;100.00;;9.34;2015
123;36;A10030;Market;;;;18.00;18.00;;;2;0.75;;24.13;;;;0.00;0.00;18.00;;;;100.00;;0.23;2015
124;36;A10040;Garden;;;;439.50;439.50;;;54;18.95;;23.20;;;;0.00;0.00;439.50;;;;100.00;;5.63;2015
125;36;A10063;Frucht 1.00;;;;3.00;3.00;;;3;;;1.00;;;;0.00;0.00;3.00;;;;100.00;;0.04;2015
126;36;A10071;Quark;;;;5.10;5.10;;;3;;;1.70;;;;0.00;0.00;5.10;;;;100.00;;0.07;2015
127;36;A10072;Schichtjoghurt;;;;3.00;3.00;;;1;;;3.00;;;;0.00;0.00;3.00;;;;100.00;;0.04;2015
128;36;A10073;SaisonfrÅchte geschnitten;;;;3.50;3.50;;;1;;;3.50;;;;0.00;0.00;3.50;;;;100.00;;0.04;2015
129;36;A10101;Ragusa-Gipfel ;;;;5.30;5.30;;;2;;;2.65;;;;0.00;0.00;5.30;;;;100.00;;0.07;2015
130;36;A10104;Schoggi-Gipfel ;;;;2.90;2.90;;;1;;;2.90;;;;0.00;0.00;2.90;;;;100.00;;0.04;2015
131;36;A10110;Sonnenblumenbrîtli;;;;5.50;5.50;;;3;;;1.83;;;;0.00;0.00;5.50;;;;100.00;;0.07;2015
132;36;A10124;Kirschenstange;;;;2.40;2.40;;;1;;;2.40;;;;0.00;0.00;2.40;;;;100.00;;0.03;2015
133;36;A10136;Muffin;;;;9.00;9.00;;;3;;;3.00;;;;0.00;0.00;9.00;;;;100.00;;0.12;2015
134;36;A10148;Fruchttîrtli;;;;13.50;13.50;;;5;;;2.70;;;;0.00;0.00;13.50;;;;100.00;;0.17;2015
135;36;A10200;BirchermÅesli Classic;;;;20.20;20.20;;;6;;;3.37;;;;0.00;0.00;20.20;;;;100.00;;0.26;2015
136;36;A10400;Sandwich klein;;;;41.50;41.50;;;10;;;4.15;;;;0.00;0.00;41.50;;;;100.00;;0.53;2015
137;36;A10401;Sandwich Mittel;;;;10.00;10.00;;;2;;;5.00;;;;0.00;0.00;10.00;;;;100.00;;0.13;2015
138;36;A10403;Bagel 1;;;;17.00;17.00;;;3;;;5.67;;;;0.00;0.00;17.00;;;;100.00;;0.22;2015
139;36;A10405;Sandwich;;;;59.50;59.50;;;13;;;4.58;;;;0.00;0.00;59.50;;;;100.00;;0.76;2015
140;37;A10000;KÅche;;;;121.60;121.60;;;22;;;5.53;;;;0.00;0.00;121.60;;;;100.00;;1.07;2015
141;37;A10001;Favorite;;;;4'040.00;4'040.00;;;524;;;7.71;;;;0.00;0.00;4'040.00;;;;100.00;;35.65;2015
142;37;A10002;Green;;;;2'391.00;2'391.00;;;310;;;7.71;;;;0.00;0.00;2'391.00;;;;100.00;;21.10;2015
143;37;A10005;Menu Suppe;;;;1.50;1.50;;;1;;;1.50;;;;0.00;0.00;1.50;;;;100.00;;0.01;2015
144;37;A10006;Menu Salat;;;;276.00;276.00;;;180;;;1.53;;;;0.00;0.00;276.00;;;;100.00;;2.44;2015
145;37;A10007;Senf Mayo Ketschup;;;;0.50;0.50;;;1;;;0.50;;;;0.00;0.00;0.50;;;;100.00;;0.00;2015
146;37;A10012;Kitchen 2;;;;483.00;483.00;;;45;;;10.73;;;;0.00;0.00;483.00;;;;100.00;;4.26;2015
147;37;A10013;Kitchen 3;;;;1'028.00;1'028.00;;;87;;;11.82;;;;0.00;0.00;1'028.00;;;;100.00;;9.07;2015
148;37;A10014;Kitchen 4;;;;342.00;342.00;;;27;;;12.67;;;;0.00;0.00;342.00;;;;100.00;;3.02;2015
149;37;A10020;Local 0;;;;1'550.00;1'550.00;;;204;;;7.60;;;;0.00;0.00;1'550.00;;;;100.00;;13.68;2015
150;37;A10030;Market;;;;39.40;39.40;;;5;1.71;;23.01;;;;0.00;0.00;39.40;;;;100.00;;0.35;2015
151;37;A10040;Garden;;;;530.40;530.40;;;72;23.02;;23.04;;;;0.00;0.00;530.40;;;;100.00;;4.68;2015
152;37;A10063;Frucht 1.00;;;;4.00;4.00;;;4;;;1.00;;;;0.00;0.00;4.00;;;;100.00;;0.04;2015
153;37;A10071;Quark;;;;1.70;1.70;;;1;;;1.70;;;;0.00;0.00;1.70;;;;100.00;;0.02;2015
154;37;A10072;Schichtjoghurt;;;;12.00;12.00;;;4;;;3.00;;;;0.00;0.00;12.00;;;;100.00;;0.11;2015
155;37;A10073;SaisonfrÅchte geschnitten;;;;25.00;25.00;;;7;;;3.57;;;;0.00;0.00;25.00;;;;100.00;;0.22;2015
156;37;A10100;Gipfel;;;;1.30;1.30;;;1;;;1.30;;;;0.00;0.00;1.30;;;;100.00;;0.01;2015
157;37;A10101;Ragusa-Gipfel ;;;;10.60;10.60;;;4;;;2.65;;;;0.00;0.00;10.60;;;;100.00;;0.09;2015
158;37;A10108;Laugenbrezel mit Butter;;;;2.20;2.20;;;1;;;2.20;;;;0.00;0.00;2.20;;;;100.00;;0.02;2015
159;37;A10112;Maisbrîtli;;;;1.70;1.70;;;1;;;1.70;;;;0.00;0.00;1.70;;;;100.00;;0.02;2015
160;37;A10116;Semmel ;;;;5.80;5.80;;;4;;;1.45;;;;0.00;0.00;5.80;;;;100.00;;0.05;2015
161;37;A10117;Nuss-Semmel ;;;;3.40;3.40;;;2;;;1.70;;;;0.00;0.00;3.40;;;;100.00;;0.03;2015
162;37;A10119;Studentenschnitte ;;;;2.40;2.40;;;1;;;2.40;;;;0.00;0.00;2.40;;;;100.00;;0.02;2015
163;37;A10121;Mandelschnecke ;;;;9.60;9.60;;;4;;;2.40;;;;0.00;0.00;9.60;;;;100.00;;0.08;2015
164;37;A10122;Nussbrille;;;;2.50;2.50;;;1;;;2.50;;;;0.00;0.00;2.50;;;;100.00;;0.02;2015
165;37;A10123;Russenzîpfli;;;;7.20;7.20;;;3;;;2.40;;;;0.00;0.00;7.20;;;;100.00;;0.06;2015
166;37;A10124;Kirschenstange;;;;7.70;7.70;;;3;;;2.57;;;;0.00;0.00;7.70;;;;100.00;;0.07;2015
167;37;A10126;Apfel im Schlafrock;;;;4.80;4.80;;;2;;;2.40;;;;0.00;0.00;4.80;;;;100.00;;0.04;2015
168;37;A10130;Vanillekreuz;;;;2.40;2.40;;;1;;;2.40;;;;0.00;0.00;2.40;;;;100.00;;0.02;2015
169;37;A10131;Vanille/Apfelstange;;;;7.20;7.20;;;3;;;2.40;;;;0.00;0.00;7.20;;;;100.00;;0.06;2015
170;37;A10136;Muffin;;;;2.50;2.50;;;1;;;2.50;;;;0.00;0.00;2.50;;;;100.00;;0.02;2015
171;37;A10144;TrockengebÑck 100g verpackt;;;;4.40;4.40;;;2;;;2.20;;;;0.00;0.00;4.40;;;;100.00;;0.04;2015
172;37;A10148;Fruchttîrtli;;;;2.40;2.40;;;1;;;2.40;;;;0.00;0.00;2.40;;;;100.00;;0.02;2015
173;37;A10200;BirchermÅesli Classic;;;;66.00;66.00;;;20;;;3.30;;;;0.00;0.00;66.00;;;;100.00;;0.58;2015
174;37;A10410;Sandwich Milano;;;;76.50;76.50;;;19;;;4.03;;;;0.00;0.00;76.50;;;;100.00;;0.68;2015
175;37;A10413;Sandwich Start Your Day;;;;126.50;126.50;;;28;;;4.52;;;;0.00;0.00;126.50;;;;100.00;;1.12;2015
176;37;A10414;Sandwich Ham & Cheese;;;;16.50;16.50;;;3;;;5.50;;;;0.00;0.00;16.50;;;;100.00;;0.15;2015
177;37;A10415;Sandwich Turkey;;;;39.00;39.00;;;7;;;5.57;;;;0.00;0.00;39.00;;;;100.00;;0.34;2015
178;37;A10416;Sandwich Ticinese;;;;6.00;6.00;;;1;;;6.00;;;;0.00;0.00;6.00;;;;100.00;;0.05;2015
179;37;A10422;Sandwich Turkey Classic;;;;6.50;6.50;;;1;;;6.50;;;;0.00;0.00;6.50;;;;100.00;;0.06;2015
180;37;A10426;Bagel Sandwich Ham & Cheese;;;;5.50;5.50;;;1;;;5.50;;;;0.00;0.00;5.50;;;;100.00;;0.05;2015
181;37;A10427;Bagel Sandwich Tandoori;;;;6.00;6.00;;;1;;;6.00;;;;0.00;0.00;6.00;;;;100.00;;0.05;2015
182;37;A10430;Bagel Sandwich Fisherman's Catch;;;;11.00;11.00;;;2;;;5.50;;;;0.00;0.00;11.00;;;;100.00;;0.10;2015
183;37;L19200;Sandwich offen;;;;49.50;49.50;;;10;;;4.95;;;;0.00;0.00;49.50;;;;100.00;;0.44;2015
184;38;A10000;KÅche;;;;496.80;496.80;;;66;;;7.53;;;;0.00;0.00;496.80;;;;100.00;;4.17;2015
185;38;A10001;Favorite;;;;3'902.00;3'902.00;;;494;;;7.90;;;;0.00;0.00;3'902.00;;;;100.00;;32.76;2015
186;38;A10002;Green;;;;2'597.00;2'597.00;;;341;;;7.62;;;;0.00;0.00;2'597.00;;;;100.00;;21.80;2015
187;38;A100039;Portion Pommes;;;;5.50;5.50;;;1;;;5.50;;;;0.00;0.00;5.50;;;;100.00;;0.05;2015
188;38;A10006;Menu Salat;;;;298.00;298.00;;;190;;;1.57;;;;0.00;0.00;298.00;;;;100.00;;2.50;2015
189;38;A10007;Senf Mayo Ketschup;;;;0.50;0.50;;;1;;;0.50;;;;0.00;0.00;0.50;;;;100.00;;0.00;2015
190;38;A10011;Kitchen 1;;;;396.00;396.00;;;41;;;9.66;;;;0.00;0.00;396.00;;;;100.00;;3.32;2015
191;38;A10013;Kitchen 3;;;;489.00;489.00;;;42;;;11.64;;;;0.00;0.00;489.00;;;;100.00;;4.11;2015
192;38;A10014;Kitchen 4;;;;660.00;660.00;;;50;;;13.20;;;;0.00;0.00;660.00;;;;100.00;;5.54;2015
193;38;A10020;Local 0;;;;1'910.00;1'910.00;;;253;;;7.55;;;;0.00;0.00;1'910.00;;;;100.00;;16.04;2015
194;38;A10030;Market;;;;282.20;282.20;;;38;12.10;;23.32;;;;0.00;0.00;282.20;;;;100.00;;2.37;2015
195;38;A10040;Garden;;;;265.60;265.60;;;35;11.49;;23.11;;;;0.00;0.00;265.60;;;;100.00;;2.23;2015
196;38;A10063;Frucht 1.00;;;;7.00;7.00;;;7;;;1.00;;;;0.00;0.00;7.00;;;;100.00;;0.06;2015
197;38;A10071;Quark;;;;1.70;1.70;;;1;;;1.70;;;;0.00;0.00;1.70;;;;100.00;;0.01;2015
198;38;A10072;Schichtjoghurt;;;;9.00;9.00;;;3;;;3.00;;;;0.00;0.00;9.00;;;;100.00;;0.08;2015
199;38;A10101;Ragusa-Gipfel ;;;;4.80;4.80;;;2;;;2.40;;;;0.00;0.00;4.80;;;;100.00;;0.04;2015
200;38;A10112;Maisbrîtli;;;;1.70;1.70;;;1;;;1.70;;;;0.00;0.00;1.70;;;;100.00;;0.01;2015
201;38;A10114;Fitnessbrîtli ;;;;1.90;1.90;;;1;;;1.90;;;;0.00;0.00;1.90;;;;100.00;;0.02;2015
202;38;A10116;Semmel ;;;;8.80;8.80;;;6;;;1.47;;;;0.00;0.00;8.80;;;;100.00;;0.07;2015
203;38;A10120;Mandelbrezel ;;;;2.40;2.40;;;1;;;2.40;;;;0.00;0.00;2.40;;;;100.00;;0.02;2015
204;38;A10121;Mandelschnecke ;;;;2.40;2.40;;;1;;;2.40;;;;0.00;0.00;2.40;;;;100.00;;0.02;2015
205;38;A10122;Nussbrille;;;;2.90;2.90;;;1;;;2.90;;;;0.00;0.00;2.90;;;;100.00;;0.02;2015
206;38;A10126;Apfel im Schlafrock;;;;2.90;2.90;;;1;;;2.90;;;;0.00;0.00;2.90;;;;100.00;;0.02;2015
207;38;A10131;Vanille/Apfelstange;;;;7.20;7.20;;;3;;;2.40;;;;0.00;0.00;7.20;;;;100.00;;0.06;2015
208;38;A10136;Muffin;;;;8.50;8.50;;;3;;;2.83;;;;0.00;0.00;8.50;;;;100.00;;0.07;2015
209;38;A10144;TrockengebÑck 100g verpackt;;;;2.20;2.20;;;1;;;2.20;;;;0.00;0.00;2.20;;;;100.00;;0.02;2015
210;38;A10148;Fruchttîrtli;;;;50.50;50.50;;;20;;;2.53;;;;0.00;0.00;50.50;;;;100.00;;0.42;2015
211;38;A10200;BirchermÅesli Classic;;;;84.70;84.70;;;26;;;3.26;;;;0.00;0.00;84.70;;;;100.00;;0.71;2015
212;38;A10410;Sandwich Milano;;;;89.50;89.50;;;22;;;4.07;;;;0.00;0.00;89.50;;;;100.00;;0.75;2015
213;38;A10411;Sandwich Power Ham;;;;4.00;4.00;;;1;;;4.00;;;;0.00;0.00;4.00;;;;100.00;;0.03;2015
214;38;A10413;Sandwich Start Your Day;;;;100.50;100.50;;;22;;;4.57;;;;0.00;0.00;100.50;;;;100.00;;0.84;2015
215;38;A10414;Sandwich Ham & Cheese;;;;44.00;44.00;;;8;;;5.50;;;;0.00;0.00;44.00;;;;100.00;;0.37;2015
216;38;A10415;Sandwich Turkey;;;;28.00;28.00;;;5;;;5.60;;;;0.00;0.00;28.00;;;;100.00;;0.24;2015
217;38;A10426;Bagel Sandwich Ham & Cheese;;;;16.50;16.50;;;3;;;5.50;;;;0.00;0.00;16.50;;;;100.00;;0.14;2015
218;38;A10430;Bagel Sandwich Fisherman's Catch;;;;16.50;16.50;;;3;;;5.50;;;;0.00;0.00;16.50;;;;100.00;;0.14;2015
219;38;L19000;Brotwaren offen;;;;0.50;0.50;;;1;;;0.50;;;;0.00;0.00;0.50;;;;100.00;;0.00;2015
220;38;L19100;Patisserie offen;;;;70.00;70.00;;;28;;;2.50;;;;0.00;0.00;70.00;;;;100.00;;0.59;2015
221;38;L19200;Sandwich offen;;;;39.50;39.50;;;8;;;4.94;;;;0.00;0.00;39.50;;;;100.00;;0.33;2015
222;39;A10000;KÅche;;;;194.30;194.30;;;39;;;4.98;;;;0.00;0.00;194.30;;;;100.00;;1.60;2015
223;39;A10001;Favorite;;;;4'616.00;4'616.00;;;588;;;7.85;;;;0.00;0.00;4'616.00;;;;100.00;;38.01;2015
224;39;A10002;Green;;;;2'796.00;2'796.00;;;366;;;7.64;;;;0.00;0.00;2'796.00;;;;100.00;;23.02;2015
225;39;A100039;Portion Pommes;;;;5.50;5.50;;;1;;;5.50;;;;0.00;0.00;5.50;;;;100.00;;0.05;2015
226;39;A10004;Brot StÅck;;;;0.30;0.30;;;1;;;0.30;;;;0.00;0.00;0.30;;;;100.00;;0.00;2015
227;39;A10005;Menu Suppe;;;;1.50;1.50;;;1;;;1.50;;;;0.00;0.00;1.50;;;;100.00;;0.01;2015
228;39;A10006;Menu Salat;;;;290.50;290.50;;;189;;;1.54;;;;0.00;0.00;290.50;;;;100.00;;2.39;2015
229;39;A10007;Senf Mayo Ketschup;;;;0.50;0.50;;;1;;;0.50;;;;0.00;0.00;0.50;;;;100.00;;0.00;2015
230;39;A10010;Kitchen 0;;;;8.00;8.00;;;1;;;8.00;;;;0.00;0.00;8.00;;;;100.00;;0.07;2015
231;39;A10011;Kitchen 1;;;;663.00;663.00;;;68;;;9.75;;;;0.00;0.00;663.00;;;;100.00;;5.46;2015
232;39;A10013;Kitchen 3;;;;467.00;467.00;;;39;;;11.97;;;;0.00;0.00;467.00;;;;100.00;;3.85;2015
233;39;A10014;Kitchen 4;;;;751.00;751.00;;;59;;;12.73;;;;0.00;0.00;751.00;;;;100.00;;6.18;2015
234;39;A10020;Local 0;;;;1'463.00;1'463.00;;;186;;;7.87;;;;0.00;0.00;1'463.00;;;;100.00;;12.05;2015
235;39;A10021;Local 1;;;;11.00;11.00;;;1;;;11.00;;;;0.00;0.00;11.00;;;;100.00;;0.09;2015
236;39;A10023;Local 3;;;;12.00;12.00;;;1;;;12.00;;;;0.00;0.00;12.00;;;;100.00;;0.10;2015
237;39;A10030;Market;;;;219.10;219.10;;;32;9.43;;23.24;;;;0.00;0.00;219.10;;;;100.00;;1.80;2015
238;39;A10040;Garden;;;;167.20;167.20;;;27;7.22;;23.17;;;;0.00;0.00;167.20;;;;100.00;;1.38;2015
239;39;A10060;Frucht -.70;;;;0.70;0.70;;;1;;;0.70;;;;0.00;0.00;0.70;;;;100.00;;0.01;2015
240;39;A10063;Frucht 1.00;;;;14.00;14.00;;;14;;;1.00;;;;0.00;0.00;14.00;;;;100.00;;0.12;2015
241;39;A10070;Yogurt 150g;;;;4.80;4.80;;;3;;;1.60;;;;0.00;0.00;4.80;;;;100.00;;0.04;2015
242;39;A10072;Schichtjoghurt;;;;6.00;6.00;;;2;;;3.00;;;;0.00;0.00;6.00;;;;100.00;;0.05;2015
243;39;A10073;SaisonfrÅchte geschnitten;;;;7.00;7.00;;;2;;;3.50;;;;0.00;0.00;7.00;;;;100.00;;0.06;2015
244;39;A10100;Gipfel;;;;7.80;7.80;;;6;;;1.30;;;;0.00;0.00;7.80;;;;100.00;;0.06;2015
245;39;A10101;Ragusa-Gipfel ;;;;7.20;7.20;;;3;;;2.40;;;;0.00;0.00;7.20;;;;100.00;;0.06;2015
246;39;A10105;Schinkengipfel ;;;;2.50;2.50;;;1;;;2.50;;;;0.00;0.00;2.50;;;;100.00;;0.02;2015
247;39;A10108;Laugenbrezel mit Butter;;;;4.60;4.60;;;2;;;2.30;;;;0.00;0.00;4.60;;;;100.00;;0.04;2015
248;39;A10110;Sonnenblumenbrîtli;;;;1.70;1.70;;;1;;;1.70;;;;0.00;0.00;1.70;;;;100.00;;0.01;2015
249;39;A10112;Maisbrîtli;;;;1.70;1.70;;;1;;;1.70;;;;0.00;0.00;1.70;;;;100.00;;0.01;2015
250;39;A10113;Mandelbrîtli ;;;;8.50;8.50;;;5;;;1.70;;;;0.00;0.00;8.50;;;;100.00;;0.07;2015
251;39;A10116;Semmel ;;;;1.60;1.60;;;1;;;1.60;;;;0.00;0.00;1.60;;;;100.00;;0.01;2015
252;39;A10117;Nuss-Semmel ;;;;5.10;5.10;;;3;;;1.70;;;;0.00;0.00;5.10;;;;100.00;;0.04;2015
253;39;A10122;Nussbrille;;;;2.50;2.50;;;1;;;2.50;;;;0.00;0.00;2.50;;;;100.00;;0.02;2015
254;39;A10123;Russenzîpfli;;;;7.20;7.20;;;3;;;2.40;;;;0.00;0.00;7.20;;;;100.00;;0.06;2015
255;39;A10126;Apfel im Schlafrock;;;;2.40;2.40;;;1;;;2.40;;;;0.00;0.00;2.40;;;;100.00;;0.02;2015
256;39;A10127;Aprikosenplunder;;;;2.40;2.40;;;1;;;2.40;;;;0.00;0.00;2.40;;;;100.00;;0.02;2015
257;39;A10128;Aprikosenjalousie;;;;2.40;2.40;;;1;;;2.40;;;;0.00;0.00;2.40;;;;100.00;;0.02;2015
258;39;A10130;Vanillekreuz;;;;2.40;2.40;;;1;;;2.40;;;;0.00;0.00;2.40;;;;100.00;;0.02;2015
259;39;A10131;Vanille/Apfelstange;;;;12.50;12.50;;;5;;;2.50;;;;0.00;0.00;12.50;;;;100.00;;0.10;2015
260;39;A10135;WÑhe;;;;42.90;42.90;;;11;;;3.90;;;;0.00;0.00;42.90;;;;100.00;;0.35;2015
261;39;A10136;Muffin;;;;10.00;10.00;;;4;;;2.50;;;;0.00;0.00;10.00;;;;100.00;;0.08;2015
262;39;A10143;TrockengebÑck Lyner verpackt;;;;2.40;2.40;;;1;;;2.40;;;;0.00;0.00;2.40;;;;100.00;;0.02;2015
263;39;A10144;TrockengebÑck 100g verpackt;;;;11.50;11.50;;;5;;;2.30;;;;0.00;0.00;11.50;;;;100.00;;0.09;2015
264;39;A10148;Fruchttîrtli;;;;21.60;21.60;;;9;;;2.40;;;;0.00;0.00;21.60;;;;100.00;;0.18;2015
265;39;A10200;BirchermÅesli Classic;;;;55.40;55.40;;;17;;;3.26;;;;0.00;0.00;55.40;;;;100.00;;0.46;2015
266;39;A10410;Sandwich Milano;;;;37.00;37.00;;;9;;;4.11;;;;0.00;0.00;37.00;;;;100.00;;0.30;2015
267;39;A10413;Sandwich Start Your Day;;;;36.50;36.50;;;8;;;4.56;;;;0.00;0.00;36.50;;;;100.00;;0.30;2015
268;39;A10414;Sandwich Ham & Cheese;;;;22.00;22.00;;;4;;;5.50;;;;0.00;0.00;22.00;;;;100.00;;0.18;2015
269;39;A10415;Sandwich Turkey;;;;33.00;33.00;;;6;;;5.50;;;;0.00;0.00;33.00;;;;100.00;;0.27;2015
270;39;A10416;Sandwich Ticinese;;;;18.00;18.00;;;3;;;6.00;;;;0.00;0.00;18.00;;;;100.00;;0.15;2015
271;39;A10425;Sandwich Italien;;;;12.00;12.00;;;2;;;6.00;;;;0.00;0.00;12.00;;;;100.00;;0.10;2015
272;39;A10426;Bagel Sandwich Ham & Cheese;;;;5.50;5.50;;;1;;;5.50;;;;0.00;0.00;5.50;;;;100.00;;0.05;2015
273;39;A10430;Bagel Sandwich Fisherman's Catch;;;;11.50;11.50;;;2;;;5.75;;;;0.00;0.00;11.50;;;;100.00;;0.09;2015
274;39;A10450;Sandwich Laugenkaiser;;;;4.50;4.50;;;1;;;4.50;;;;0.00;0.00;4.50;;;;100.00;;0.04;2015
275;39;A10451;Sandwich Bauette;;;;20.50;20.50;;;4;;;5.13;;;;0.00;0.00;20.50;;;;100.00;;0.17;2015
276;39;L19000;Brotwaren offen;;;;2.00;2.00;;;1;;;2.00;;;;0.00;0.00;2.00;;;;100.00;;0.02;2015
277;39;L19100;Patisserie offen;;;;2.50;2.50;;;1;;;2.50;;;;0.00;0.00;2.50;;;;100.00;;0.02;2015
278;39;L19200;Sandwich offen;;;;24.50;24.50;;;5;;;4.90;;;;0.00;0.00;24.50;;;;100.00;;0.20;2015
279;40;A10000;KÅche;;;;2'391.50;2'391.50;;;82;;;29.16;;;;0.00;0.00;2'391.50;;;;100.00;;17.30;2015
280;40;A10001;Favorite;;;;3'724.00;3'724.00;;;476;;;7.82;;;;0.00;0.00;3'724.00;;;;100.00;;26.95;2015
281;40;A10002;Green;;;;2'221.00;2'221.00;;;289;;;7.69;;;;0.00;0.00;2'221.00;;;;100.00;;16.07;2015
282;40;A10006;Menu Salat;;;;200.00;200.00;;;128;;;1.56;;;;0.00;0.00;200.00;;;;100.00;;1.45;2015
283;40;A10007;Senf Mayo Ketschup;;;;8.00;8.00;;;16;;;0.50;;;;0.00;0.00;8.00;;;;100.00;;0.06;2015
284;40;A10011;Kitchen 1;;;;250.00;250.00;;;26;;;9.62;;;;0.00;0.00;250.00;;;;100.00;;1.81;2015
285;40;A10012;Kitchen 2;;;;269.00;269.00;;;25;;;10.76;;;;0.00;0.00;269.00;;;;100.00;;1.95;2015
286;40;A10013;Kitchen 3;;;;696.00;696.00;;;59;;;11.80;;;;0.00;0.00;696.00;;;;100.00;;5.04;2015
287;40;A10020;Local 0;;;;1'710.00;1'710.00;;;223;;;7.67;;;;0.00;0.00;1'710.00;;;;100.00;;12.37;2015
288;40;A10023;Local 3;;;;165.00;165.00;;;14;;;11.79;;;;0.00;0.00;165.00;;;;100.00;;1.19;2015
289;40;A10030;Market;;;;102.80;102.80;;;15;4.47;;23.00;;;;0.00;0.00;102.80;;;;100.00;;0.74;2015
290;40;A10040;Garden;;;;284.20;284.20;;;40;12.34;;23.03;;;;0.00;0.00;284.20;;;;100.00;;2.06;2015
291;40;A10060;Frucht -.70;;;;2.80;2.80;;;4;;;0.70;;;;0.00;0.00;2.80;;;;100.00;;0.02;2015
292;40;A10062;Frucht -.90;;;;0.90;0.90;;;1;;;0.90;;;;0.00;0.00;0.90;;;;100.00;;0.01;2015
293;40;A10063;Frucht 1.00;;;;53.00;53.00;;;53;;;1.00;;;;0.00;0.00;53.00;;;;100.00;;0.38;2015
294;40;A10071;Quark;;;;1.70;1.70;;;1;;;1.70;;;;0.00;0.00;1.70;;;;100.00;;0.01;2015
295;40;A10072;Schichtjoghurt;;;;9.00;9.00;;;3;;;3.00;;;;0.00;0.00;9.00;;;;100.00;;0.07;2015
296;40;A10073;SaisonfrÅchte geschnitten;;;;11.00;11.00;;;3;;;3.67;;;;0.00;0.00;11.00;;;;100.00;;0.08;2015
297;40;A10100;Gipfel;;;;23.40;23.40;;;18;;;1.30;;;;0.00;0.00;23.40;;;;100.00;;0.17;2015
298;40;A10101;Ragusa-Gipfel ;;;;2.40;2.40;;;1;;;2.40;;;;0.00;0.00;2.40;;;;100.00;;0.02;2015
299;40;A10103;Vanille-Gipfel;;;;2.40;2.40;;;1;;;2.40;;;;0.00;0.00;2.40;;;;100.00;;0.02;2015
300;40;A10104;Schoggi-Gipfel ;;;;2.40;2.40;;;1;;;2.40;;;;0.00;0.00;2.40;;;;100.00;;0.02;2015
301;40;A10108;Laugenbrezel mit Butter;;;;2.20;2.20;;;1;;;2.20;;;;0.00;0.00;2.20;;;;100.00;;0.02;2015
302;40;A10112;Maisbrîtli;;;;10.20;10.20;;;6;;;1.70;;;;0.00;0.00;10.20;;;;100.00;;0.07;2015
303;40;A10114;Fitnessbrîtli ;;;;5.10;5.10;;;3;;;1.70;;;;0.00;0.00;5.10;;;;100.00;;0.04;2015
304;40;A10116;Semmel ;;;;7.00;7.00;;;5;;;1.40;;;;0.00;0.00;7.00;;;;100.00;;0.05;2015
305;40;A10117;Nuss-Semmel ;;;;1.70;1.70;;;1;;;1.70;;;;0.00;0.00;1.70;;;;100.00;;0.01;2015
306;40;A10122;Nussbrille;;;;7.30;7.30;;;3;;;2.43;;;;0.00;0.00;7.30;;;;100.00;;0.05;2015
307;40;A10123;Russenzîpfli;;;;2.40;2.40;;;1;;;2.40;;;;0.00;0.00;2.40;;;;100.00;;0.02;2015
308;40;A10124;Kirschenstange;;;;2.40;2.40;;;1;;;2.40;;;;0.00;0.00;2.40;;;;100.00;;0.02;2015
309;40;A10126;Apfel im Schlafrock;;;;4.80;4.80;;;2;;;2.40;;;;0.00;0.00;4.80;;;;100.00;;0.03;2015
310;40;A10130;Vanillekreuz;;;;7.20;7.20;;;3;;;2.40;;;;0.00;0.00;7.20;;;;100.00;;0.05;2015
311;40;A10131;Vanille/Apfelstange;;;;7.20;7.20;;;3;;;2.40;;;;0.00;0.00;7.20;;;;100.00;;0.05;2015
312;40;A10148;Fruchttîrtli;;;;32.20;32.20;;;13;;;2.48;;;;0.00;0.00;32.20;;;;100.00;;0.23;2015
313;40;A10162;Bienenstich;;;;4.80;4.80;;;2;;;2.40;;;;0.00;0.00;4.80;;;;100.00;;0.03;2015
314;40;A10200;BirchermÅesli Classic;;;;52.20;52.20;;;16;;;3.26;;;;0.00;0.00;52.20;;;;100.00;;0.38;2015
315;40;A10410;Sandwich Milano;;;;32.00;32.00;;;8;;;4.00;;;;0.00;0.00;32.00;;;;100.00;;0.23;2015
316;40;A10412;Sandwich Gruyere;;;;4.00;4.00;;;1;;;4.00;;;;0.00;0.00;4.00;;;;100.00;;0.03;2015
317;40;A10413;Sandwich Start Your Day;;;;50.00;50.00;;;11;;;4.55;;;;0.00;0.00;50.00;;;;100.00;;0.36;2015
318;40;A10415;Sandwich Turkey;;;;11.50;11.50;;;2;;;5.75;;;;0.00;0.00;11.50;;;;100.00;;0.08;2015
319;40;A10416;Sandwich Ticinese;;;;60.50;60.50;;;10;;;6.05;;;;0.00;0.00;60.50;;;;100.00;;0.44;2015
320;40;A10425;Sandwich Italien;;;;18.00;18.00;;;3;;;6.00;;;;0.00;0.00;18.00;;;;100.00;;0.13;2015
321;40;A10430;Bagel Sandwich Fisherman's Catch;;;;17.00;17.00;;;3;;;5.67;;;;0.00;0.00;17.00;;;;100.00;;0.12;2015
322;40;A10450;Sandwich Laugenkaiser;;;;4.00;4.00;;;1;;;4.00;;;;0.00;0.00;4.00;;;;100.00;;0.03;2015
323;40;A10451;Sandwich Bauette;;;;45.50;45.50;;;9;;;5.06;;;;0.00;0.00;45.50;;;;100.00;;0.33;2015
324;40;L18000;Huusbrot 1kg;;;;283.20;283.20;;;59;;;4.80;;;;0.00;0.00;283.20;;;;100.00;;2.05;2015
325;40;L18003;Knusper Crunch, Familia 2kg;;;;38.00;38.00;;;2;;;19.00;;;;0.00;0.00;38.00;;;;100.00;;0.27;2015
326;40;L18006;KÑseplatte 800g;;;;160.00;160.00;;;5;;;32.00;;;;0.00;0.00;160.00;;;;100.00;;1.16;2015
327;40;L18007;Aufschnitt- / Wurstplatte 800g;;;;140.00;140.00;;;5;;;28.00;;;;0.00;0.00;140.00;;;;100.00;;1.01;2015
328;40;L18009;Butter Portionen 10g 96Stk.;;;;96.00;96.00;;;4;;;24.00;;;;0.00;0.00;96.00;;;;100.00;;0.69;2015
329;40;L18010;LÑtta Margarine Portioen 10g 100Stk.;;;;48.00;48.00;;;2;;;24.00;;;;0.00;0.00;48.00;;;;100.00;;0.35;2015
330;40;L18012;Chocos Kellogs Superpack 8x600g;;;;330.00;330.00;;;6;;;55.00;;;;0.00;0.00;330.00;;;;100.00;;2.39;2015
331;40;L18013;Smacks Kellogs Superpack 8x600g;;;;205.00;205.00;;;5;;;41.00;;;;0.00;0.00;205.00;;;;100.00;;1.48;2015
332;41;A10000;KÅche;;;;1'458.30;1'458.30;;;13;;;112.18;;;;0.00;0.00;1'458.30;;;;100.00;;13.30;2015
333;41;A10001;Favorite;;;;3'343.00;3'343.00;;;440;;;7.60;;;;0.00;0.00;3'343.00;;;;100.00;;30.49;2015
334;41;A10002;Green;;;;2'035.00;2'035.00;;;269;;;7.57;;;;0.00;0.00;2'035.00;;;;100.00;;18.56;2015
335;41;A10006;Menu Salat;;;;266.50;266.50;;;173;;;1.54;;;;0.00;0.00;266.50;;;;100.00;;2.43;2015
336;41;A10007;Senf Mayo Ketschup;;;;1.50;1.50;;;3;;;0.50;;;;0.00;0.00;1.50;;;;100.00;;0.01;2015
337;41;A10012;Kitchen 2;;;;692.00;692.00;;;64;;;10.81;;;;0.00;0.00;692.00;;;;100.00;;6.31;2015
338;41;A10014;Kitchen 4;;;;1'248.00;1'248.00;;;97;;;12.87;;;;0.00;0.00;1'248.00;;;;100.00;;11.38;2015
339;41;A10020;Local 0;;;;1'299.00;1'299.00;;;170;;;7.64;;;;0.00;0.00;1'299.00;;;;100.00;;11.85;2015
340;41;A10030;Market;;;;105.80;105.80;;;15;4.60;;23.01;;;;0.00;0.00;105.80;;;;100.00;;0.96;2015
341;41;A10040;Garden;;;;191.60;191.60;;;29;8.29;;23.10;;;;0.00;0.00;191.60;;;;100.00;;1.75;2015
342;41;A10060;Frucht -.70;;;;0.70;0.70;;;1;;;0.70;;;;0.00;0.00;0.70;;;;100.00;;0.01;2015
343;41;A10063;Frucht 1.00;;;;4.00;4.00;;;4;;;1.00;;;;0.00;0.00;4.00;;;;100.00;;0.04;2015
344;41;A10072;Schichtjoghurt;;;;9.00;9.00;;;3;;;3.00;;;;0.00;0.00;9.00;;;;100.00;;0.08;2015
345;41;A10073;SaisonfrÅchte geschnitten;;;;10.50;10.50;;;3;;;3.50;;;;0.00;0.00;10.50;;;;100.00;;0.10;2015
346;41;A10100;Gipfel;;;;1.50;1.50;;;1;;;1.50;;;;0.00;0.00;1.50;;;;100.00;;0.01;2015
347;41;A10101;Ragusa-Gipfel ;;;;4.80;4.80;;;2;;;2.40;;;;0.00;0.00;4.80;;;;100.00;;0.04;2015
348;41;A10103;Vanille-Gipfel;;;;2.40;2.40;;;1;;;2.40;;;;0.00;0.00;2.40;;;;100.00;;0.02;2015
349;41;A10110;Sonnenblumenbrîtli;;;;1.70;1.70;;;1;;;1.70;;;;0.00;0.00;1.70;;;;100.00;;0.02;2015
350;41;A10113;Mandelbrîtli ;;;;1.70;1.70;;;1;;;1.70;;;;0.00;0.00;1.70;;;;100.00;;0.02;2015
351;41;A10121;Mandelschnecke ;;;;9.60;9.60;;;4;;;2.40;;;;0.00;0.00;9.60;;;;100.00;;0.09;2015
352;41;A10122;Nussbrille;;;;2.40;2.40;;;1;;;2.40;;;;0.00;0.00;2.40;;;;100.00;;0.02;2015
353;41;A10123;Russenzîpfli;;;;2.90;2.90;;;1;;;2.90;;;;0.00;0.00;2.90;;;;100.00;;0.03;2015
354;41;A10126;Apfel im Schlafrock;;;;7.20;7.20;;;3;;;2.40;;;;0.00;0.00;7.20;;;;100.00;;0.07;2015
355;41;A10130;Vanillekreuz;;;;5.30;5.30;;;2;;;2.65;;;;0.00;0.00;5.30;;;;100.00;;0.05;2015
356;41;A10135;WÑhe;;;;27.80;27.80;;;7;;;3.97;;;;0.00;0.00;27.80;;;;100.00;;0.25;2015
357;41;A10136;Muffin;;;;2.50;2.50;;;1;;;2.50;;;;0.00;0.00;2.50;;;;100.00;;0.02;2015
358;41;A10144;TrockengebÑck 100g verpackt;;;;4.40;4.40;;;2;;;2.20;;;;0.00;0.00;4.40;;;;100.00;;0.04;2015
359;41;A10148;Fruchttîrtli;;;;20.20;20.20;;;8;;;2.53;;;;0.00;0.00;20.20;;;;100.00;;0.18;2015
360;41;A10162;Bienenstich;;;;2.40;2.40;;;1;;;2.40;;;;0.00;0.00;2.40;;;;100.00;;0.02;2015
361;41;A10200;BirchermÅesli Classic;;;;29.30;29.30;;;9;;;3.26;;;;0.00;0.00;29.30;;;;100.00;;0.27;2015
362;41;A10410;Sandwich Milano;;;;16.50;16.50;;;4;;;4.13;;;;0.00;0.00;16.50;;;;100.00;;0.15;2015
363;41;A10413;Sandwich Start Your Day;;;;31.50;31.50;;;7;;;4.50;;;;0.00;0.00;31.50;;;;100.00;;0.29;2015
364;41;A10415;Sandwich Turkey;;;;33.00;33.00;;;6;;;5.50;;;;0.00;0.00;33.00;;;;100.00;;0.30;2015
365;41;A10416;Sandwich Ticinese;;;;36.00;36.00;;;6;;;6.00;;;;0.00;0.00;36.00;;;;100.00;;0.33;2015
366;41;A10425;Sandwich Italien;;;;18.00;18.00;;;3;;;6.00;;;;0.00;0.00;18.00;;;;100.00;;0.16;2015
367;41;A10426;Bagel Sandwich Ham & Cheese;;;;11.00;11.00;;;2;;;5.50;;;;0.00;0.00;11.00;;;;100.00;;0.10;2015
368;41;A10450;Sandwich Laugenkaiser;;;;4.00;4.00;;;1;;;4.00;;;;0.00;0.00;4.00;;;;100.00;;0.04;2015
369;41;A10451;Sandwich Bauette;;;;15.00;15.00;;;3;;;5.00;;;;0.00;0.00;15.00;;;;100.00;;0.14;2015
370;41;L19100;Patisserie offen;;;;3.50;3.50;;;1;;;3.50;;;;0.00;0.00;3.50;;;;100.00;;0.03;2015
371;41;L19200;Sandwich offen;;;;4.50;4.50;;;1;;;4.50;;;;0.00;0.00;4.50;;;;100.00;;0.04;2015
372;42;A10000;KÅche;;;;22.00;22.00;;;2;;;11.00;;;;0.00;0.00;22.00;;;;100.00;;0.24;2015
373;42;A10001;Favorite;;;;2'881.00;2'881.00;;;377;;;7.64;;;;0.00;0.00;2'881.00;;;;100.00;;31.68;2015
374;42;A10002;Green;;;;2'329.00;2'329.00;;;308;;;7.56;;;;0.00;0.00;2'329.00;;;;100.00;;25.61;2015
375;42;A10006;Menu Salat;;;;234.50;234.50;;;155;;;1.51;;;;0.00;0.00;234.50;;;;100.00;;2.58;2015
376;42;A10007;Senf Mayo Ketschup;;;;2.50;2.50;;;5;;;0.50;;;;0.00;0.00;2.50;;;;100.00;;0.03;2015
377;42;A10011;Kitchen 1;;;;135.00;135.00;;;14;;;9.64;;;;0.00;0.00;135.00;;;;100.00;;1.48;2015
378;42;A10012;Kitchen 2;;;;212.00;212.00;;;20;;;10.60;;;;0.00;0.00;212.00;;;;100.00;;2.33;2015
379;42;A10013;Kitchen 3;;;;338.00;338.00;;;28;;;12.07;;;;0.00;0.00;338.00;;;;100.00;;3.72;2015
380;42;A10014;Kitchen 4;;;;571.00;571.00;;;44;;;12.98;;;;0.00;0.00;571.00;;;;100.00;;6.28;2015
381;42;A10020;Local 0;;;;1'550.00;1'550.00;;;207;;;7.49;;;;0.00;0.00;1'550.00;;;;100.00;;17.04;2015
382;42;A10021;Local 1;;;;19.00;19.00;;;2;;;9.50;;;;0.00;0.00;19.00;;;;100.00;;0.21;2015
383;42;A10030;Market;;;;46.00;46.00;;;8;1.99;;23.07;;;;0.00;0.00;46.00;;;;100.00;;0.51;2015
384;42;A10040;Garden;;;;298.50;298.50;;;43;12.93;;23.08;;;;0.00;0.00;298.50;;;;100.00;;3.28;2015
385;42;A10060;Frucht -.70;;;;1.40;1.40;;;2;;;0.70;;;;0.00;0.00;1.40;;;;100.00;;0.02;2015
386;42;A10061;Frucht -.80;;;;0.80;0.80;;;1;;;0.80;;;;0.00;0.00;0.80;;;;100.00;;0.01;2015
387;42;A10063;Frucht 1.00;;;;5.00;5.00;;;5;;;1.00;;;;0.00;0.00;5.00;;;;100.00;;0.05;2015
388;42;A100700;Yogi;;;;1.60;1.60;;;1;;;1.60;;;;0.00;0.00;1.60;;;;100.00;;0.02;2015
389;42;A10072;Schichtjoghurt;;;;9.00;9.00;;;3;;;3.00;;;;0.00;0.00;9.00;;;;100.00;;0.10;2015
390;42;A10073;SaisonfrÅchte geschnitten;;;;7.00;7.00;;;2;;;3.50;;;;0.00;0.00;7.00;;;;100.00;;0.08;2015
391;42;A10074;Milchreis;;;;2.30;2.30;;;1;;;2.30;;;;0.00;0.00;2.30;;;;100.00;;0.03;2015
392;42;A10101;Ragusa-Gipfel ;;;;12.50;12.50;;;5;;;2.50;;;;0.00;0.00;12.50;;;;100.00;;0.14;2015
393;42;A10103;Vanille-Gipfel;;;;2.40;2.40;;;1;;;2.40;;;;0.00;0.00;2.40;;;;100.00;;0.03;2015
394;42;A10104;Schoggi-Gipfel ;;;;4.80;4.80;;;2;;;2.40;;;;0.00;0.00;4.80;;;;100.00;;0.05;2015
395;42;A10108;Laugenbrezel mit Butter;;;;2.40;2.40;;;1;;;2.40;;;;0.00;0.00;2.40;;;;100.00;;0.03;2015
396;42;A10110;Sonnenblumenbrîtli;;;;1.70;1.70;;;1;;;1.70;;;;0.00;0.00;1.70;;;;100.00;;0.02;2015
397;42;A10111;Schoggi Fair;;;;2.20;2.20;;;1;;;2.20;;;;0.00;0.00;2.20;;;;100.00;;0.02;2015
398;42;A10112;Maisbrîtli;;;;3.40;3.40;;;2;;;1.70;;;;0.00;0.00;3.40;;;;100.00;;0.04;2015
399;42;A10116;Semmel ;;;;1.40;1.40;;;1;;;1.40;;;;0.00;0.00;1.40;;;;100.00;;0.02;2015
400;42;A10119;Studentenschnitte ;;;;2.40;2.40;;;1;;;2.40;;;;0.00;0.00;2.40;;;;100.00;;0.03;2015
401;42;A10121;Mandelschnecke ;;;;9.60;9.60;;;4;;;2.40;;;;0.00;0.00;9.60;;;;100.00;;0.11;2015
402;42;A10122;Nussbrille;;;;4.80;4.80;;;2;;;2.40;;;;0.00;0.00;4.80;;;;100.00;;0.05;2015
403;42;A10123;Russenzîpfli;;;;4.80;4.80;;;2;;;2.40;;;;0.00;0.00;4.80;;;;100.00;;0.05;2015
404;42;A10124;Kirschenstange;;;;5.30;5.30;;;2;;;2.65;;;;0.00;0.00;5.30;;;;100.00;;0.06;2015
405;42;A10126;Apfel im Schlafrock;;;;2.40;2.40;;;1;;;2.40;;;;0.00;0.00;2.40;;;;100.00;;0.03;2015
406;42;A10129;Aprikosen-Bîgli;;;;2.40;2.40;;;1;;;2.40;;;;0.00;0.00;2.40;;;;100.00;;0.03;2015
407;42;A10130;Vanillekreuz;;;;2.40;2.40;;;1;;;2.40;;;;0.00;0.00;2.40;;;;100.00;;0.03;2015
408;42;A10131;Vanille/Apfelstange;;;;2.40;2.40;;;1;;;2.40;;;;0.00;0.00;2.40;;;;100.00;;0.03;2015
409;42;A10135;WÑhe;;;;11.70;11.70;;;3;;;3.90;;;;0.00;0.00;11.70;;;;100.00;;0.13;2015
410;42;A10136;Muffin;;;;5.00;5.00;;;2;;;2.50;;;;0.00;0.00;5.00;;;;100.00;;0.05;2015
411;42;A10144;TrockengebÑck 100g verpackt;;;;4.40;4.40;;;2;;;2.20;;;;0.00;0.00;4.40;;;;100.00;;0.05;2015
412;42;A10148;Fruchttîrtli;;;;12.00;12.00;;;5;;;2.40;;;;0.00;0.00;12.00;;;;100.00;;0.13;2015
413;42;A10200;BirchermÅesli Classic;;;;26.10;26.10;;;8;;;3.26;;;;0.00;0.00;26.10;;;;100.00;;0.29;2015
414;42;A10201;BirchermÅesli Saisonal;;;;4.90;4.90;;;1;;;4.90;;;;0.00;0.00;4.90;;;;100.00;;0.05;2015
415;42;A10410;Sandwich Milano;;;;44.50;44.50;;;11;;;4.05;;;;0.00;0.00;44.50;;;;100.00;;0.49;2015
416;42;A10413;Sandwich Start Your Day;;;;31.50;31.50;;;7;;;4.50;;;;0.00;0.00;31.50;;;;100.00;;0.35;2015
417;42;A10415;Sandwich Turkey;;;;77.50;77.50;;;14;;;5.54;;;;0.00;0.00;77.50;;;;100.00;;0.85;2015
418;42;A10416;Sandwich Ticinese;;;;30.00;30.00;;;5;;;6.00;;;;0.00;0.00;30.00;;;;100.00;;0.33;2015
419;42;A10425;Sandwich Italien;;;;12.00;12.00;;;2;;;6.00;;;;0.00;0.00;12.00;;;;100.00;;0.13;2015
420;42;A10426;Bagel Sandwich Ham & Cheese;;;;16.50;16.50;;;3;;;5.50;;;;0.00;0.00;16.50;;;;100.00;;0.18;2015
421;42;A10430;Bagel Sandwich Fisherman's Catch;;;;38.50;38.50;;;7;;;5.50;;;;0.00;0.00;38.50;;;;100.00;;0.42;2015
422;42;A10435;FB Sandwich Emmental;;;;11.00;11.00;;;2;;;5.50;;;;0.00;0.00;11.00;;;;100.00;;0.12;2015
423;42;A10438;FB Sandwich Ham & Co;;;;5.50;5.50;;;1;;;5.50;;;;0.00;0.00;5.50;;;;100.00;;0.06;2015
424;42;A10450;Sandwich Laugenkaiser;;;;16.00;16.00;;;4;;;4.00;;;;0.00;0.00;16.00;;;;100.00;;0.18;2015
425;42;A10451;Sandwich Bauette;;;;15.00;15.00;;;3;;;5.00;;;;0.00;0.00;15.00;;;;100.00;;0.16;2015
426;43;A10000;KÅche;;;;146.80;146.80;;;20;;;7.34;;;;0.00;0.00;146.80;;;;100.00;;1.75;2015
427;43;A10001;Favorite;;;;2'969.00;2'969.00;;;390;;;7.61;;;;0.00;0.00;2'969.00;;;;100.00;;35.37;2015
428;43;A10002;Green;;;;1'934.00;1'934.00;;;254;;;7.61;;;;0.00;0.00;1'934.00;;;;100.00;;23.04;2015
429;43;A100039;Portion Pommes;;;;5.50;5.50;;;1;;;5.50;;;;0.00;0.00;5.50;;;;100.00;;0.07;2015
430;43;A10004;Brot StÅck;;;;1.20;1.20;;;4;;;0.30;;;;0.00;0.00;1.20;;;;100.00;;0.01;2015
431;43;A10005;Menu Suppe;;;;22.50;22.50;;;15;;;1.50;;;;0.00;0.00;22.50;;;;100.00;;0.27;2015
432;43;A10006;Menu Salat;;;;268.00;268.00;;;176;;;1.52;;;;0.00;0.00;268.00;;;;100.00;;3.19;2015
433;43;A10007;Senf Mayo Ketschup;;;;8.00;8.00;;;16;;;0.50;;;;0.00;0.00;8.00;;;;100.00;;0.10;2015
434;43;A10011;Kitchen 1;;;;59.00;59.00;;;6;;;9.83;;;;0.00;0.00;59.00;;;;100.00;;0.70;2015
435;43;A10012;Kitchen 2;;;;539.00;539.00;;;50;;;10.78;;;;0.00;0.00;539.00;;;;100.00;;6.42;2015
436;43;A10013;Kitchen 3;;;;189.00;189.00;;;16;;;11.81;;;;0.00;0.00;189.00;;;;100.00;;2.25;2015
437;43;A10020;Local 0;;;;1'557.00;1'557.00;;;204;;;7.63;;;;0.00;0.00;1'557.00;;;;100.00;;18.55;2015
438;43;A10030;Market;;;;125.00;125.00;;;16;5.40;;23.13;;;;0.00;0.00;125.00;;;;100.00;;1.49;2015
439;43;A10040;Garden;;;;255.10;255.10;;;33;11.02;;23.15;;;;0.00;0.00;255.10;;;;100.00;;3.04;2015
440;43;A10063;Frucht 1.00;;;;7.00;7.00;;;7;;;1.00;;;;0.00;0.00;7.00;;;;100.00;;0.08;2015
441;43;A100700;Yogi;;;;3.20;3.20;;;2;;;1.60;;;;0.00;0.00;3.20;;;;100.00;;0.04;2015
442;43;A10072;Schichtjoghurt;;;;6.00;6.00;;;2;;;3.00;;;;0.00;0.00;6.00;;;;100.00;;0.07;2015
443;43;A10073;SaisonfrÅchte geschnitten;;;;10.50;10.50;;;3;;;3.50;;;;0.00;0.00;10.50;;;;100.00;;0.13;2015
444;43;A10074;Milchreis;;;;2.30;2.30;;;1;;;2.30;;;;0.00;0.00;2.30;;;;100.00;;0.03;2015
445;43;A10100;Gipfel;;;;2.60;2.60;;;2;;;1.30;;;;0.00;0.00;2.60;;;;100.00;;0.03;2015
446;43;A10101;Ragusa-Gipfel ;;;;7.20;7.20;;;3;;;2.40;;;;0.00;0.00;7.20;;;;100.00;;0.09;2015
447;43;A10104;Schoggi-Gipfel ;;;;4.80;4.80;;;2;;;2.40;;;;0.00;0.00;4.80;;;;100.00;;0.06;2015
448;43;A10108;Laugenbrezel mit Butter;;;;4.40;4.40;;;2;;;2.20;;;;0.00;0.00;4.40;;;;100.00;;0.05;2015
449;43;A10110;Sonnenblumenbrîtli;;;;1.70;1.70;;;1;;;1.70;;;;0.00;0.00;1.70;;;;100.00;;0.02;2015
450;43;A10112;Maisbrîtli;;;;1.70;1.70;;;1;;;1.70;;;;0.00;0.00;1.70;;;;100.00;;0.02;2015
451;43;A10114;Fitnessbrîtli ;;;;3.40;3.40;;;2;;;1.70;;;;0.00;0.00;3.40;;;;100.00;;0.04;2015
452;43;A10121;Mandelschnecke ;;;;13.00;13.00;;;5;;;2.60;;;;0.00;0.00;13.00;;;;100.00;;0.15;2015
453;43;A10124;Kirschenstange;;;;7.70;7.70;;;3;;;2.57;;;;0.00;0.00;7.70;;;;100.00;;0.09;2015
454;43;A10126;Apfel im Schlafrock;;;;5.30;5.30;;;2;;;2.65;;;;0.00;0.00;5.30;;;;100.00;;0.06;2015
455;43;A10128;Aprikosenjalousie;;;;2.40;2.40;;;1;;;2.40;;;;0.00;0.00;2.40;;;;100.00;;0.03;2015
456;43;A10129;Aprikosen-Bîgli;;;;2.40;2.40;;;1;;;2.40;;;;0.00;0.00;2.40;;;;100.00;;0.03;2015
457;43;A10135;WÑhe;;;;7.80;7.80;;;2;;;3.90;;;;0.00;0.00;7.80;;;;100.00;;0.09;2015
458;43;A10136;Muffin;;;;2.50;2.50;;;1;;;2.50;;;;0.00;0.00;2.50;;;;100.00;;0.03;2015
459;43;A10148;Fruchttîrtli;;;;9.60;9.60;;;4;;;2.40;;;;0.00;0.00;9.60;;;;100.00;;0.11;2015
460;43;A10162;Bienenstich;;;;2.90;2.90;;;1;;;2.90;;;;0.00;0.00;2.90;;;;100.00;;0.03;2015
461;43;A10163;BÅrli;;;;1.60;1.60;;;1;;;1.60;;;;0.00;0.00;1.60;;;;100.00;;0.02;2015
462;43;A10200;BirchermÅesli Classic;;;;9.60;9.60;;;3;;;3.20;;;;0.00;0.00;9.60;;;;100.00;;0.11;2015
463;43;A10410;Sandwich Milano;;;;8.00;8.00;;;2;;;4.00;;;;0.00;0.00;8.00;;;;100.00;;0.10;2015
464;43;A10413;Sandwich Start Your Day;;;;9.00;9.00;;;2;;;4.50;;;;0.00;0.00;9.00;;;;100.00;;0.11;2015
465;43;A10414;Sandwich Ham & Cheese;;;;22.00;22.00;;;4;;;5.50;;;;0.00;0.00;22.00;;;;100.00;;0.26;2015
466;43;A10415;Sandwich Turkey;;;;27.50;27.50;;;5;;;5.50;;;;0.00;0.00;27.50;;;;100.00;;0.33;2015
467;43;A10416;Sandwich Ticinese;;;;30.00;30.00;;;5;;;6.00;;;;0.00;0.00;30.00;;;;100.00;;0.36;2015
468;43;A10426;Bagel Sandwich Ham & Cheese;;;;11.00;11.00;;;2;;;5.50;;;;0.00;0.00;11.00;;;;100.00;;0.13;2015
469;43;A10430;Bagel Sandwich Fisherman's Catch;;;;22.00;22.00;;;4;;;5.50;;;;0.00;0.00;22.00;;;;100.00;;0.26;2015
470;43;A10450;Sandwich Laugenkaiser;;;;16.00;16.00;;;4;;;4.00;;;;0.00;0.00;16.00;;;;100.00;;0.19;2015
471;43;A10451;Sandwich Bauette;;;;50.50;50.50;;;10;;;5.05;;;;0.00;0.00;50.50;;;;100.00;;0.60;2015
472;44;A10000;KÅche;;;;901.20;901.20;;;61;;;14.77;;;;0.00;0.00;901.20;;;;100.00;;7.14;2015
473;44;A10001;Favorite;;;;4'139.00;4'139.00;;;544;;;7.61;;;;0.00;0.00;4'139.00;;;;100.00;;32.78;2015
474;44;A10002;Green;;;;2'430.00;2'430.00;;;322;;;7.55;;;;0.00;0.00;2'430.00;;;;100.00;;19.25;2015
475;44;A100039;Portion Pommes;;;;44.00;44.00;;;8;;;5.50;;;;0.00;0.00;44.00;;;;100.00;;0.35;2015
476;44;A10004;Brot StÅck;;;;0.30;0.30;;;1;;;0.30;;;;0.00;0.00;0.30;;;;100.00;;0.00;2015
477;44;A10005;Menu Suppe;;;;37.50;37.50;;;25;;;1.50;;;;0.00;0.00;37.50;;;;100.00;;0.30;2015
478;44;A10006;Menu Salat;;;;272.50;272.50;;;179;;;1.52;;;;0.00;0.00;272.50;;;;100.00;;2.16;2015
479;44;A10007;Senf Mayo Ketschup;;;;9.00;9.00;;;18;;;0.50;;;;0.00;0.00;9.00;;;;100.00;;0.07;2015
480;44;A10011;Kitchen 1;;;;222.00;222.00;;;23;;;9.65;;;;0.00;0.00;222.00;;;;100.00;;1.76;2015
481;44;A10012;Kitchen 2;;;;141.00;141.00;;;13;;;10.85;;;;0.00;0.00;141.00;;;;100.00;;1.12;2015
482;44;A10013;Kitchen 3;;;;1'112.00;1'112.00;;;93;;;11.96;;;;0.00;0.00;1'112.00;;;;100.00;;8.81;2015
483;44;A10014;Kitchen 4;;;;1'134.00;1'134.00;;;90;;;12.60;;;;0.00;0.00;1'134.00;;;;100.00;;8.98;2015
484;44;A10020;Local 0;;;;899.00;899.00;;;120;;;7.49;;;;0.00;0.00;899.00;;;;100.00;;7.12;2015
485;44;A10030;Market;;;;159.50;159.50;;;24;6.85;;23.27;;;;0.00;0.00;159.50;;;;100.00;;1.26;2015
486;44;A10040;Garden;;;;249.40;249.40;;;37;10.80;;23.08;;;;0.00;0.00;249.40;;;;100.00;;1.98;2015
487;44;A10061;Frucht -.80;;;;1.60;1.60;;;2;;;0.80;;;;0.00;0.00;1.60;;;;100.00;;0.01;2015
488;44;A10063;Frucht 1.00;;;;17.00;17.00;;;17;;;1.00;;;;0.00;0.00;17.00;;;;100.00;;0.13;2015
489;44;A100700;Yogi;;;;1.60;1.60;;;1;;;1.60;;;;0.00;0.00;1.60;;;;100.00;;0.01;2015
490;44;A10072;Schichtjoghurt;;;;3.00;3.00;;;1;;;3.00;;;;0.00;0.00;3.00;;;;100.00;;0.02;2015
491;44;A10100;Gipfel;;;;7.80;7.80;;;6;;;1.30;;;;0.00;0.00;7.80;;;;100.00;;0.06;2015
492;44;A10101;Ragusa-Gipfel ;;;;5.30;5.30;;;2;;;2.65;;;;0.00;0.00;5.30;;;;100.00;;0.04;2015
493;44;A10102;Mandelgipfel ;;;;2.40;2.40;;;1;;;2.40;;;;0.00;0.00;2.40;;;;100.00;;0.02;2015
494;44;A10103;Vanille-Gipfel;;;;4.80;4.80;;;2;;;2.40;;;;0.00;0.00;4.80;;;;100.00;;0.04;2015
495;44;A10110;Sonnenblumenbrîtli;;;;5.10;5.10;;;3;;;1.70;;;;0.00;0.00;5.10;;;;100.00;;0.04;2015
496;44;A10111;Schoggi Fair;;;;2.20;2.20;;;1;;;2.20;;;;0.00;0.00;2.20;;;;100.00;;0.02;2015
497;44;A10112;Maisbrîtli;;;;10.20;10.20;;;6;;;1.70;;;;0.00;0.00;10.20;;;;100.00;;0.08;2015
498;44;A10119;Studentenschnitte ;;;;12.00;12.00;;;5;;;2.40;;;;0.00;0.00;12.00;;;;100.00;;0.10;2015
499;44;A10121;Mandelschnecke ;;;;2.40;2.40;;;1;;;2.40;;;;0.00;0.00;2.40;;;;100.00;;0.02;2015
500;44;A10122;Nussbrille;;;;2.40;2.40;;;1;;;2.40;;;;0.00;0.00;2.40;;;;100.00;;0.02;2015
501;44;A10123;Russenzîpfli;;;;2.40;2.40;;;1;;;2.40;;;;0.00;0.00;2.40;;;;100.00;;0.02;2015
502;44;A10124;Kirschenstange;;;;2.40;2.40;;;1;;;2.40;;;;0.00;0.00;2.40;;;;100.00;;0.02;2015
503;44;A10126;Apfel im Schlafrock;;;;4.80;4.80;;;2;;;2.40;;;;0.00;0.00;4.80;;;;100.00;;0.04;2015
504;44;A10129;Aprikosen-Bîgli;;;;4.80;4.80;;;2;;;2.40;;;;0.00;0.00;4.80;;;;100.00;;0.04;2015
505;44;A10135;WÑhe;;;;19.50;19.50;;;5;;;3.90;;;;0.00;0.00;19.50;;;;100.00;;0.15;2015
506;44;A10144;TrockengebÑck 100g verpackt;;;;9.80;9.80;;;4;;;2.45;;;;0.00;0.00;9.80;;;;100.00;;0.08;2015
507;44;A10148;Fruchttîrtli;;;;14.40;14.40;;;6;;;2.40;;;;0.00;0.00;14.40;;;;100.00;;0.11;2015
508;44;A10163;BÅrli;;;;1.60;1.60;;;1;;;1.60;;;;0.00;0.00;1.60;;;;100.00;;0.01;2015
509;44;A10200;BirchermÅesli Classic;;;;38.40;38.40;;;12;;;3.20;;;;0.00;0.00;38.40;;;;100.00;;0.30;2015
510;44;A10410;Sandwich Milano;;;;16.00;16.00;;;4;;;4.00;;;;0.00;0.00;16.00;;;;100.00;;0.13;2015
511;44;A10413;Sandwich Start Your Day;;;;40.50;40.50;;;9;;;4.50;;;;0.00;0.00;40.50;;;;100.00;;0.32;2015
512;44;A10414;Sandwich Ham & Cheese;;;;49.50;49.50;;;9;;;5.50;;;;0.00;0.00;49.50;;;;100.00;;0.39;2015
513;44;A10415;Sandwich Turkey;;;;22.00;22.00;;;4;;;5.50;;;;0.00;0.00;22.00;;;;100.00;;0.17;2015
514;44;A10416;Sandwich Ticinese;;;;30.00;30.00;;;5;;;6.00;;;;0.00;0.00;30.00;;;;100.00;;0.24;2015
515;44;A10425;Sandwich Italien;;;;18.00;18.00;;;3;;;6.00;;;;0.00;0.00;18.00;;;;100.00;;0.14;2015
516;44;A10430;Bagel Sandwich Fisherman's Catch;;;;22.00;22.00;;;4;;;5.50;;;;0.00;0.00;22.00;;;;100.00;;0.17;2015
517;44;A10450;Sandwich Laugenkaiser;;;;8.50;8.50;;;2;;;4.25;;;;0.00;0.00;8.50;;;;100.00;;0.07;2015
518;44;A10451;Sandwich Bauette;;;;60.00;60.00;;;12;;;5.00;;;;0.00;0.00;60.00;;;;100.00;;0.48;2015
519;44;L18000;Huusbrot 1kg;;;;129.60;129.60;;;27;;;4.80;;;;0.00;0.00;129.60;;;;100.00;;1.03;2015
520;44;L18006;KÑseplatte 800g;;;;64.00;64.00;;;2;;;32.00;;;;0.00;0.00;64.00;;;;100.00;;0.51;2015
521;44;L18007;Aufschnitt- / Wurstplatte 800g;;;;56.00;56.00;;;2;;;28.00;;;;0.00;0.00;56.00;;;;100.00;;0.44;2015
522;44;L18009;Butter Portionen 10g 96Stk.;;;;24.00;24.00;;;1;;;24.00;;;;0.00;0.00;24.00;;;;100.00;;0.19;2015
523;44;L18012;Chocos Kellogs Superpack 8x600g;;;;55.00;55.00;;;1;;;55.00;;;;0.00;0.00;55.00;;;;100.00;;0.44;2015
524;44;L18013;Smacks Kellogs Superpack 8x600g;;;;41.00;41.00;;;1;;;41.00;;;;0.00;0.00;41.00;;;;100.00;;0.32;2015
525;44;L18014;Joghurt diverse Sorten 3kg;;;;62.50;62.50;;;5;;;12.50;;;;0.00;0.00;62.50;;;;100.00;;0.50;2015
526;45;A10000;KÅche;;;;103.00;103.00;;;15;;;6.87;;;;0.00;0.00;103.00;;;;100.00;;1.00;2015
527;45;A10001;Favorite;;;;3'110.00;3'110.00;;;404;;;7.70;;;;0.00;0.00;3'110.00;;;;100.00;;30.16;2015
528;45;A10002;Green;;;;2'600.00;2'600.00;;;345;;;7.54;;;;0.00;0.00;2'600.00;;;;100.00;;25.21;2015
529;45;A10004;Brot StÅck;;;;0.30;0.30;;;1;;;0.30;;;;0.00;0.00;0.30;;;;100.00;;0.00;2015
530;45;A10005;Menu Suppe;;;;37.50;37.50;;;25;;;1.50;;;;0.00;0.00;37.50;;;;100.00;;0.36;2015
531;45;A10006;Menu Salat;;;;316.00;316.00;;;206;;;1.53;;;;0.00;0.00;316.00;;;;100.00;;3.06;2015
532;45;A10007;Senf Mayo Ketschup;;;;3.50;3.50;;;7;;;0.50;;;;0.00;0.00;3.50;;;;100.00;;0.03;2015
533;45;A10011;Kitchen 1;;;;683.00;683.00;;;70;;;9.76;;;;0.00;0.00;683.00;;;;100.00;;6.62;2015
534;45;A10013;Kitchen 3;;;;382.00;382.00;;;32;;;11.94;;;;0.00;0.00;382.00;;;;100.00;;3.70;2015
535;45;A10014;Kitchen 4;;;;519.00;519.00;;;41;;;12.66;;;;0.00;0.00;519.00;;;;100.00;;5.03;2015
536;45;A10020;Local 0;;;;1'596.00;1'596.00;;;212;;;7.53;;;;0.00;0.00;1'596.00;;;;100.00;;15.48;2015
537;45;A10030;Market;;;;248.30;248.30;;;35;10.75;;23.10;;;;0.00;0.00;248.30;;;;100.00;;2.41;2015
538;45;A10040;Garden;;;;257.20;257.20;;;34;11.01;;23.36;;;;0.00;0.00;257.20;;;;100.00;;2.49;2015
539;45;A10061;Frucht -.80;;;;2.40;2.40;;;3;;;0.80;;;;0.00;0.00;2.40;;;;100.00;;0.02;2015
540;45;A10063;Frucht 1.00;;;;5.00;5.00;;;5;;;1.00;;;;0.00;0.00;5.00;;;;100.00;;0.05;2015
541;45;A10070;Yogurt 150g;;;;2.10;2.10;;;1;;;2.10;;;;0.00;0.00;2.10;;;;100.00;;0.02;2015
542;45;A100700;Yogi;;;;1.60;1.60;;;1;;;1.60;;;;0.00;0.00;1.60;;;;100.00;;0.02;2015
543;45;A10072;Schichtjoghurt;;;;9.00;9.00;;;3;;;3.00;;;;0.00;0.00;9.00;;;;100.00;;0.09;2015
544;45;A10073;SaisonfrÅchte geschnitten;;;;14.00;14.00;;;4;;;3.50;;;;0.00;0.00;14.00;;;;100.00;;0.14;2015
545;45;A10074;Milchreis;;;;2.30;2.30;;;1;;;2.30;;;;0.00;0.00;2.30;;;;100.00;;0.02;2015
546;45;A10100;Gipfel;;;;1.30;1.30;;;1;;;1.30;;;;0.00;0.00;1.30;;;;100.00;;0.01;2015
547;45;A10101;Ragusa-Gipfel ;;;;19.70;19.70;;;8;;;2.46;;;;0.00;0.00;19.70;;;;100.00;;0.19;2015
548;45;A10103;Vanille-Gipfel;;;;4.80;4.80;;;2;;;2.40;;;;0.00;0.00;4.80;;;;100.00;;0.05;2015
549;45;A10111;Schoggi Fair;;;;2.20;2.20;;;1;;;2.20;;;;0.00;0.00;2.20;;;;100.00;;0.02;2015
550;45;A10114;Fitnessbrîtli ;;;;1.70;1.70;;;1;;;1.70;;;;0.00;0.00;1.70;;;;100.00;;0.02;2015
551;45;A10119;Studentenschnitte ;;;;2.90;2.90;;;1;;;2.90;;;;0.00;0.00;2.90;;;;100.00;;0.03;2015
552;45;A10121;Mandelschnecke ;;;;5.30;5.30;;;2;;;2.65;;;;0.00;0.00;5.30;;;;100.00;;0.05;2015
553;45;A10122;Nussbrille;;;;2.40;2.40;;;1;;;2.40;;;;0.00;0.00;2.40;;;;100.00;;0.02;2015
554;45;A10123;Russenzîpfli;;;;2.40;2.40;;;1;;;2.40;;;;0.00;0.00;2.40;;;;100.00;;0.02;2015
555;45;A10126;Apfel im Schlafrock;;;;2.40;2.40;;;1;;;2.40;;;;0.00;0.00;2.40;;;;100.00;;0.02;2015
556;45;A10127;Aprikosenplunder;;;;2.40;2.40;;;1;;;2.40;;;;0.00;0.00;2.40;;;;100.00;;0.02;2015
557;45;A10128;Aprikosenjalousie;;;;2.40;2.40;;;1;;;2.40;;;;0.00;0.00;2.40;;;;100.00;;0.02;2015
558;45;A10130;Vanillekreuz;;;;2.40;2.40;;;1;;;2.40;;;;0.00;0.00;2.40;;;;100.00;;0.02;2015
559;45;A10131;Vanille/Apfelstange;;;;2.40;2.40;;;1;;;2.40;;;;0.00;0.00;2.40;;;;100.00;;0.02;2015
560;45;A10135;WÑhe;;;;31.20;31.20;;;8;;;3.90;;;;0.00;0.00;31.20;;;;100.00;;0.30;2015
561;45;A10144;TrockengebÑck 100g verpackt;;;;15.90;15.90;;;7;;;2.27;;;;0.00;0.00;15.90;;;;100.00;;0.15;2015
562;45;A10148;Fruchttîrtli;;;;7.20;7.20;;;3;;;2.40;;;;0.00;0.00;7.20;;;;100.00;;0.07;2015
563;45;A10200;BirchermÅesli Classic;;;;26.10;26.10;;;8;;;3.26;;;;0.00;0.00;26.10;;;;100.00;;0.25;2015
564;45;A10410;Sandwich Milano;;;;32.00;32.00;;;8;;;4.00;;;;0.00;0.00;32.00;;;;100.00;;0.31;2015
565;45;A10411;Sandwich Power Ham;;;;12.00;12.00;;;3;;;4.00;;;;0.00;0.00;12.00;;;;100.00;;0.12;2015
566;45;A10413;Sandwich Start Your Day;;;;9.50;9.50;;;2;;;4.75;;;;0.00;0.00;9.50;;;;100.00;;0.09;2015
567;45;A10414;Sandwich Ham & Cheese;;;;33.50;33.50;;;6;;;5.58;;;;0.00;0.00;33.50;;;;100.00;;0.32;2015
568;45;A10415;Sandwich Turkey;;;;44.50;44.50;;;8;;;5.56;;;;0.00;0.00;44.50;;;;100.00;;0.43;2015
569;45;A10416;Sandwich Ticinese;;;;37.50;37.50;;;6;;;6.25;;;;0.00;0.00;37.50;;;;100.00;;0.36;2015
570;45;A10425;Sandwich Italien;;;;12.50;12.50;;;2;;;6.25;;;;0.00;0.00;12.50;;;;100.00;;0.12;2015
571;45;A10430;Bagel Sandwich Fisherman's Catch;;;;17.00;17.00;;;3;;;5.67;;;;0.00;0.00;17.00;;;;100.00;;0.16;2015
572;45;A10438;FB Sandwich Ham & Co;;;;16.50;16.50;;;3;;;5.50;;;;0.00;0.00;16.50;;;;100.00;;0.16;2015
573;45;A10441;FB Sandwich Ham & Cheese;;;;11.00;11.00;;;2;;;5.50;;;;0.00;0.00;11.00;;;;100.00;;0.11;2015
574;45;A10442;FB Sandwich Neptun;;;;16.50;16.50;;;3;;;5.50;;;;0.00;0.00;16.50;;;;100.00;;0.16;2015
575;45;A10450;Sandwich Laugenkaiser;;;;8.00;8.00;;;2;;;4.00;;;;0.00;0.00;8.00;;;;100.00;;0.08;2015
576;45;A10451;Sandwich Bauette;;;;35.50;35.50;;;7;;;5.07;;;;0.00;0.00;35.50;;;;100.00;;0.34;2015
577;46;A10000;KÅche;;;;132.90;132.90;;;37;;;3.59;;;;0.00;0.00;132.90;;;;100.00;;1.17;2015
578;46;A10001;Favorite;;;;4'342.00;4'342.00;;;555;;;7.82;;;;0.00;0.00;4'342.00;;;;100.00;;38.08;2015
579;46;A10002;Green;;;;2'740.00;2'740.00;;;354;;;7.74;;;;0.00;0.00;2'740.00;;;;100.00;;24.03;2015
580;46;A10003;nur Fleisch Favorite;;;;6.00;6.00;;;1;;;6.00;;;;0.00;0.00;6.00;;;;100.00;;0.05;2015
581;46;A100039;Portion Pommes;;;;13.00;13.00;;;2;;;6.50;;;;0.00;0.00;13.00;;;;100.00;;0.11;2015
582;46;A10004;Brot StÅck;;;;0.60;0.60;;;2;;;0.30;;;;0.00;0.00;0.60;;;;100.00;;0.01;2015
583;46;A10005;Menu Suppe;;;;54.00;54.00;;;36;;;1.50;;;;0.00;0.00;54.00;;;;100.00;;0.47;2015
584;46;A10006;Menu Salat;;;;324.00;324.00;;;200;;;1.62;;;;0.00;0.00;324.00;;;;100.00;;2.84;2015
585;46;A10007;Senf Mayo Ketschup;;;;1.50;1.50;;;3;;;0.50;;;;0.00;0.00;1.50;;;;100.00;;0.01;2015
586;46;A10011;Kitchen 1;;;;311.00;311.00;;;31;;;10.03;;;;0.00;0.00;311.00;;;;100.00;;2.73;2015
587;46;A10012;Kitchen 2;;;;598.00;598.00;;;55;;;10.87;;;;0.00;0.00;598.00;;;;100.00;;5.24;2015
588;46;A10013;Kitchen 3;;;;340.00;340.00;;;29;;;11.72;;;;0.00;0.00;340.00;;;;100.00;;2.98;2015
589;46;A10014;Kitchen 4;;;;612.00;612.00;;;47;;;13.02;;;;0.00;0.00;612.00;;;;100.00;;5.37;2015
590;46;A10020;Local 0;;;;1'114.00;1'114.00;;;145;;;7.68;;;;0.00;0.00;1'114.00;;;;100.00;;9.77;2015
591;46;A10030;Market;;;;217.80;217.80;;;29;9.38;;23.23;;;;0.00;0.00;217.80;;;;100.00;;1.91;2015
592;46;A10040;Garden;;;;216.00;216.00;;;32;9.34;;23.12;;;;0.00;0.00;216.00;;;;100.00;;1.89;2015
593;46;A10061;Frucht -.80;;;;3.20;3.20;;;4;;;0.80;;;;0.00;0.00;3.20;;;;100.00;;0.03;2015
594;46;A10063;Frucht 1.00;;;;8.00;8.00;;;8;;;1.00;;;;0.00;0.00;8.00;;;;100.00;;0.07;2015
595;46;A100700;Yogi;;;;1.60;1.60;;;1;;;1.60;;;;0.00;0.00;1.60;;;;100.00;;0.01;2015
596;46;A10073;SaisonfrÅchte geschnitten;;;;14.00;14.00;;;4;;;3.50;;;;0.00;0.00;14.00;;;;100.00;;0.12;2015
597;46;A10101;Ragusa-Gipfel ;;;;2.40;2.40;;;1;;;2.40;;;;0.00;0.00;2.40;;;;100.00;;0.02;2015
598;46;A10103;Vanille-Gipfel;;;;2.40;2.40;;;1;;;2.40;;;;0.00;0.00;2.40;;;;100.00;;0.02;2015
599;46;A10108;Laugenbrezel mit Butter;;;;13.40;13.40;;;6;;;2.23;;;;0.00;0.00;13.40;;;;100.00;;0.12;2015
600;46;A10112;Maisbrîtli;;;;1.70;1.70;;;1;;;1.70;;;;0.00;0.00;1.70;;;;100.00;;0.01;2015
601;46;A10114;Fitnessbrîtli ;;;;3.40;3.40;;;2;;;1.70;;;;0.00;0.00;3.40;;;;100.00;;0.03;2015
602;46;A10119;Studentenschnitte ;;;;2.40;2.40;;;1;;;2.40;;;;0.00;0.00;2.40;;;;100.00;;0.02;2015
603;46;A10120;Mandelbrezel ;;;;7.70;7.70;;;3;;;2.57;;;;0.00;0.00;7.70;;;;100.00;;0.07;2015
604;46;A10121;Mandelschnecke ;;;;4.80;4.80;;;2;;;2.40;;;;0.00;0.00;4.80;;;;100.00;;0.04;2015
605;46;A10122;Nussbrille;;;;2.40;2.40;;;1;;;2.40;;;;0.00;0.00;2.40;;;;100.00;;0.02;2015
606;46;A10124;Kirschenstange;;;;5.30;5.30;;;2;;;2.65;;;;0.00;0.00;5.30;;;;100.00;;0.05;2015
607;46;A10125;Nussstange;;;;2.40;2.40;;;1;;;2.40;;;;0.00;0.00;2.40;;;;100.00;;0.02;2015
608;46;A10127;Aprikosenplunder;;;;2.90;2.90;;;1;;;2.90;;;;0.00;0.00;2.90;;;;100.00;;0.03;2015
609;46;A10129;Aprikosen-Bîgli;;;;7.20;7.20;;;3;;;2.40;;;;0.00;0.00;7.20;;;;100.00;;0.06;2015
610;46;A10130;Vanillekreuz;;;;7.70;7.70;;;3;;;2.57;;;;0.00;0.00;7.70;;;;100.00;;0.07;2015
611;46;A10135;WÑhe;;;;20.50;20.50;;;5;;;4.10;;;;0.00;0.00;20.50;;;;100.00;;0.18;2015
612;46;A10136;Muffin;;;;2.50;2.50;;;1;;;2.50;;;;0.00;0.00;2.50;;;;100.00;;0.02;2015
613;46;A10144;TrockengebÑck 100g verpackt;;;;8.80;8.80;;;4;;;2.20;;;;0.00;0.00;8.80;;;;100.00;;0.08;2015
614;46;A10148;Fruchttîrtli;;;;4.80;4.80;;;2;;;2.40;;;;0.00;0.00;4.80;;;;100.00;;0.04;2015
615;46;A10161;Muffin gross;;;;3.00;3.00;;;1;;;3.00;;;;0.00;0.00;3.00;;;;100.00;;0.03;2015
616;46;A10162;Bienenstich;;;;4.80;4.80;;;2;;;2.40;;;;0.00;0.00;4.80;;;;100.00;;0.04;2015
617;46;A10200;BirchermÅesli Classic;;;;38.40;38.40;;;12;;;3.20;;;;0.00;0.00;38.40;;;;100.00;;0.34;2015
618;46;A10410;Sandwich Milano;;;;28.00;28.00;;;7;;;4.00;;;;0.00;0.00;28.00;;;;100.00;;0.25;2015
619;46;A10411;Sandwich Power Ham;;;;8.00;8.00;;;2;;;4.00;;;;0.00;0.00;8.00;;;;100.00;;0.07;2015
620;46;A10413;Sandwich Start Your Day;;;;22.50;22.50;;;5;;;4.50;;;;0.00;0.00;22.50;;;;100.00;;0.20;2015
621;46;A10414;Sandwich Ham & Cheese;;;;16.50;16.50;;;3;;;5.50;;;;0.00;0.00;16.50;;;;100.00;;0.14;2015
622;46;A10415;Sandwich Turkey;;;;27.50;27.50;;;5;;;5.50;;;;0.00;0.00;27.50;;;;100.00;;0.24;2015
623;46;A10416;Sandwich Ticinese;;;;42.00;42.00;;;7;;;6.00;;;;0.00;0.00;42.00;;;;100.00;;0.37;2015
624;46;A10430;Bagel Sandwich Fisherman's Catch;;;;16.50;16.50;;;3;;;5.50;;;;0.00;0.00;16.50;;;;100.00;;0.14;2015
625;46;A10450;Sandwich Laugenkaiser;;;;12.00;12.00;;;3;;;4.00;;;;0.00;0.00;12.00;;;;100.00;;0.11;2015
626;46;A10451;Sandwich Bauette;;;;30.00;30.00;;;6;;;5.00;;;;0.00;0.00;30.00;;;;100.00;;0.26;2015
627;47;A10000;KÅche;;;;40.30;40.30;;;8;;;5.04;;;;0.00;0.00;40.30;;;;100.00;;0.36;2015
628;47;A10001;Favorite;;;;3'458.00;3'458.00;;;445;;;7.77;;;;0.00;0.00;3'458.00;;;;100.00;;31.19;2015
629;47;A10002;Green;;;;2'667.00;2'667.00;;;355;;;7.51;;;;0.00;0.00;2'667.00;;;;100.00;;24.06;2015
630;47;A10005;Menu Suppe;;;;31.50;31.50;;;21;;;1.50;;;;0.00;0.00;31.50;;;;100.00;;0.28;2015
631;47;A10006;Menu Salat;;;;237.00;237.00;;;154;;;1.54;;;;0.00;0.00;237.00;;;;100.00;;2.14;2015
632;47;A10007;Senf Mayo Ketschup;;;;1.00;1.00;;;2;;;0.50;;;;0.00;0.00;1.00;;;;100.00;;0.01;2015
633;47;A10008;GemÅseportion;;;;4.50;4.50;;;3;;;1.50;;;;0.00;0.00;4.50;;;;100.00;;0.04;2015
634;47;A10012;Kitchen 2;;;;195.00;195.00;;;18;;;10.83;;;;0.00;0.00;195.00;;;;100.00;;1.76;2015
635;47;A10013;Kitchen 3;;;;784.00;784.00;;;65;;;12.06;;;;0.00;0.00;784.00;;;;100.00;;7.07;2015
636;47;A10014;Kitchen 4;;;;1'181.00;1'181.00;;;92;;;12.84;;;;0.00;0.00;1'181.00;;;;100.00;;10.65;2015
637;47;A10020;Local 0;;;;1'701.00;1'701.00;;;223;;;7.63;;;;0.00;0.00;1'701.00;;;;100.00;;15.34;2015
638;47;A10024;Local 4;;;;12.00;12.00;;;1;;;12.00;;;;0.00;0.00;12.00;;;;100.00;;0.11;2015
639;47;A10030;Market;;;;208.60;208.60;;;30;9.05;;23.05;;;;0.00;0.00;208.60;;;;100.00;;1.88;2015
640;47;A10040;Garden;;;;142.60;142.60;;;21;6.17;;23.12;;;;0.00;0.00;142.60;;;;100.00;;1.29;2015
641;47;A10060;Frucht -.70;;;;1.40;1.40;;;2;;;0.70;;;;0.00;0.00;1.40;;;;100.00;;0.01;2015
642;47;A10061;Frucht -.80;;;;0.80;0.80;;;1;;;0.80;;;;0.00;0.00;0.80;;;;100.00;;0.01;2015
643;47;A10063;Frucht 1.00;;;;5.00;5.00;;;5;;;1.00;;;;0.00;0.00;5.00;;;;100.00;;0.05;2015
644;47;A100700;Yogi;;;;1.60;1.60;;;1;;;1.60;;;;0.00;0.00;1.60;;;;100.00;;0.01;2015
645;47;A10072;Schichtjoghurt;;;;3.00;3.00;;;1;;;3.00;;;;0.00;0.00;3.00;;;;100.00;;0.03;2015
646;47;A10073;SaisonfrÅchte geschnitten;;;;17.50;17.50;;;5;;;3.50;;;;0.00;0.00;17.50;;;;100.00;;0.16;2015
647;47;A10101;Ragusa-Gipfel ;;;;4.80;4.80;;;2;;;2.40;;;;0.00;0.00;4.80;;;;100.00;;0.04;2015
648;47;A10103;Vanille-Gipfel;;;;2.40;2.40;;;1;;;2.40;;;;0.00;0.00;2.40;;;;100.00;;0.02;2015
649;47;A10104;Schoggi-Gipfel ;;;;2.40;2.40;;;1;;;2.40;;;;0.00;0.00;2.40;;;;100.00;;0.02;2015
650;47;A10108;Laugenbrezel mit Butter;;;;6.60;6.60;;;3;;;2.20;;;;0.00;0.00;6.60;;;;100.00;;0.06;2015
651;47;A10112;Maisbrîtli;;;;3.40;3.40;;;2;;;1.70;;;;0.00;0.00;3.40;;;;100.00;;0.03;2015
652;47;A10116;Semmel ;;;;1.40;1.40;;;1;;;1.40;;;;0.00;0.00;1.40;;;;100.00;;0.01;2015
653;47;A10119;Studentenschnitte ;;;;10.10;10.10;;;4;;;2.53;;;;0.00;0.00;10.10;;;;100.00;;0.09;2015
654;47;A10120;Mandelbrezel ;;;;7.20;7.20;;;3;;;2.40;;;;0.00;0.00;7.20;;;;100.00;;0.06;2015
655;47;A10121;Mandelschnecke ;;;;2.40;2.40;;;1;;;2.40;;;;0.00;0.00;2.40;;;;100.00;;0.02;2015
656;47;A10122;Nussbrille;;;;2.40;2.40;;;1;;;2.40;;;;0.00;0.00;2.40;;;;100.00;;0.02;2015
657;47;A10123;Russenzîpfli;;;;4.80;4.80;;;2;;;2.40;;;;0.00;0.00;4.80;;;;100.00;;0.04;2015
658;47;A10124;Kirschenstange;;;;4.80;4.80;;;2;;;2.40;;;;0.00;0.00;4.80;;;;100.00;;0.04;2015
659;47;A10126;Apfel im Schlafrock;;;;10.10;10.10;;;4;;;2.53;;;;0.00;0.00;10.10;;;;100.00;;0.09;2015
660;47;A10127;Aprikosenplunder;;;;2.40;2.40;;;1;;;2.40;;;;0.00;0.00;2.40;;;;100.00;;0.02;2015
661;47;A10128;Aprikosenjalousie;;;;4.80;4.80;;;2;;;2.40;;;;0.00;0.00;4.80;;;;100.00;;0.04;2015
662;47;A10135;WÑhe;;;;4.40;4.40;;;1;;;4.40;;;;0.00;0.00;4.40;;;;100.00;;0.04;2015
663;47;A10136;Muffin;;;;7.50;7.50;;;3;;;2.50;;;;0.00;0.00;7.50;;;;100.00;;0.07;2015
664;47;A10144;TrockengebÑck 100g verpackt;;;;2.20;2.20;;;1;;;2.20;;;;0.00;0.00;2.20;;;;100.00;;0.02;2015
665;47;A10148;Fruchttîrtli;;;;9.60;9.60;;;4;;;2.40;;;;0.00;0.00;9.60;;;;100.00;;0.09;2015
666;47;A10162;Bienenstich;;;;4.80;4.80;;;2;;;2.40;;;;0.00;0.00;4.80;;;;100.00;;0.04;2015
667;47;A10200;BirchermÅesli Classic;;;;22.90;22.90;;;7;;;3.27;;;;0.00;0.00;22.90;;;;100.00;;0.21;2015
668;47;A10410;Sandwich Milano;;;;20.00;20.00;;;5;;;4.00;;;;0.00;0.00;20.00;;;;100.00;;0.18;2015
669;47;A10411;Sandwich Power Ham;;;;16.00;16.00;;;4;;;4.00;;;;0.00;0.00;16.00;;;;100.00;;0.14;2015
670;47;A10412;Sandwich Gruyere;;;;8.00;8.00;;;2;;;4.00;;;;0.00;0.00;8.00;;;;100.00;;0.07;2015
671;47;A10413;Sandwich Start Your Day;;;;18.50;18.50;;;4;;;4.63;;;;0.00;0.00;18.50;;;;100.00;;0.17;2015
672;47;A10414;Sandwich Ham & Cheese;;;;5.50;5.50;;;1;;;5.50;;;;0.00;0.00;5.50;;;;100.00;;0.05;2015
673;47;A10415;Sandwich Turkey;;;;22.00;22.00;;;4;;;5.50;;;;0.00;0.00;22.00;;;;100.00;;0.20;2015
674;47;A10416;Sandwich Ticinese;;;;49.00;49.00;;;8;;;6.13;;;;0.00;0.00;49.00;;;;100.00;;0.44;2015
675;47;A10417;Sandwich Softie;;;;12.00;12.00;;;3;;;4.00;;;;0.00;0.00;12.00;;;;100.00;;0.11;2015
676;47;A10430;Bagel Sandwich Fisherman's Catch;;;;27.50;27.50;;;5;;;5.50;;;;0.00;0.00;27.50;;;;100.00;;0.25;2015
677;47;A10435;FB Sandwich Emmental;;;;5.50;5.50;;;1;;;5.50;;;;0.00;0.00;5.50;;;;100.00;;0.05;2015
678;47;A10438;FB Sandwich Ham & Co;;;;11.00;11.00;;;2;;;5.50;;;;0.00;0.00;11.00;;;;100.00;;0.10;2015
679;47;A10450;Sandwich Laugenkaiser;;;;12.00;12.00;;;3;;;4.00;;;;0.00;0.00;12.00;;;;100.00;;0.11;2015
680;47;A10451;Sandwich Bauette;;;;60.00;60.00;;;12;;;5.00;;;;0.00;0.00;60.00;;;;100.00;;0.54;2015
681;47;L19200;Sandwich offen;;;;4.00;4.00;;;1;;;4.00;;;;0.00;0.00;4.00;;;;100.00;;0.04;2015
682;48;A10000;KÅche;;;;77.30;77.30;;;20;;;3.87;;;;0.00;0.00;77.30;;;;100.00;;0.70;2015
683;48;A10001;Favorite;;;;4'392.00;4'392.00;;;564;;;7.79;;;;0.00;0.00;4'392.00;;;;100.00;;39.73;2015
684;48;A10002;Green;;;;2'348.00;2'348.00;;;310;;;7.57;;;;0.00;0.00;2'348.00;;;;100.00;;21.24;2015
685;48;A10004;Brot StÅck;;;;0.30;0.30;;;1;;;0.30;;;;0.00;0.00;0.30;;;;100.00;;0.00;2015
686;48;A10005;Menu Suppe;;;;37.00;37.00;;;24;;;1.54;;;;0.00;0.00;37.00;;;;100.00;;0.33;2015
687;48;A10006;Menu Salat;;;;267.00;267.00;;;170;;;1.57;;;;0.00;0.00;267.00;;;;100.00;;2.42;2015
688;48;A10007;Senf Mayo Ketschup;;;;2.50;2.50;;;5;;;0.50;;;;0.00;0.00;2.50;;;;100.00;;0.02;2015
689;48;A10011;Kitchen 1;;;;555.00;555.00;;;58;;;9.57;;;;0.00;0.00;555.00;;;;100.00;;5.02;2015
690;48;A10012;Kitchen 2;;;;367.00;367.00;;;34;;;10.79;;;;0.00;0.00;367.00;;;;100.00;;3.32;2015
691;48;A10013;Kitchen 3;;;;469.00;469.00;;;39;;;12.03;;;;0.00;0.00;469.00;;;;100.00;;4.24;2015
692;48;A10020;Local 0;;;;1'652.00;1'652.00;;;215;;;7.68;;;;0.00;0.00;1'652.00;;;;100.00;;14.95;2015
693;48;A10030;Market;;;;334.20;334.20;;;43;14.43;;23.16;;;;0.00;0.00;334.20;;;;100.00;;3.02;2015
694;48;A10040;Garden;;;;114.20;114.20;;;14;4.97;;23.00;;;;0.00;0.00;114.20;;;;100.00;;1.03;2015
695;48;A10061;Frucht -.80;;;;2.40;2.40;;;3;;;0.80;;;;0.00;0.00;2.40;;;;100.00;;0.02;2015
696;48;A10063;Frucht 1.00;;;;8.00;8.00;;;8;;;1.00;;;;0.00;0.00;8.00;;;;100.00;;0.07;2015
697;48;A100700;Yogi;;;;1.60;1.60;;;1;;;1.60;;;;0.00;0.00;1.60;;;;100.00;;0.01;2015
698;48;A10072;Schichtjoghurt;;;;3.00;3.00;;;1;;;3.00;;;;0.00;0.00;3.00;;;;100.00;;0.03;2015
699;48;A10073;SaisonfrÅchte geschnitten;;;;24.50;24.50;;;7;;;3.50;;;;0.00;0.00;24.50;;;;100.00;;0.22;2015
700;48;A10074;Milchreis;;;;4.60;4.60;;;2;;;2.30;;;;0.00;0.00;4.60;;;;100.00;;0.04;2015
701;48;A10101;Ragusa-Gipfel ;;;;9.60;9.60;;;4;;;2.40;;;;0.00;0.00;9.60;;;;100.00;;0.09;2015
702;48;A10103;Vanille-Gipfel;;;;2.90;2.90;;;1;;;2.90;;;;0.00;0.00;2.90;;;;100.00;;0.03;2015
703;48;A10108;Laugenbrezel mit Butter;;;;11.00;11.00;;;5;;;2.20;;;;0.00;0.00;11.00;;;;100.00;;0.10;2015
704;48;A10110;Sonnenblumenbrîtli;;;;1.70;1.70;;;1;;;1.70;;;;0.00;0.00;1.70;;;;100.00;;0.02;2015
705;48;A10112;Maisbrîtli;;;;5.10;5.10;;;3;;;1.70;;;;0.00;0.00;5.10;;;;100.00;;0.05;2015
706;48;A10114;Fitnessbrîtli ;;;;1.70;1.70;;;1;;;1.70;;;;0.00;0.00;1.70;;;;100.00;;0.02;2015
707;48;A10119;Studentenschnitte ;;;;9.60;9.60;;;4;;;2.40;;;;0.00;0.00;9.60;;;;100.00;;0.09;2015
708;48;A10120;Mandelbrezel ;;;;2.40;2.40;;;1;;;2.40;;;;0.00;0.00;2.40;;;;100.00;;0.02;2015
709;48;A10121;Mandelschnecke ;;;;2.40;2.40;;;1;;;2.40;;;;0.00;0.00;2.40;;;;100.00;;0.02;2015
710;48;A10122;Nussbrille;;;;4.80;4.80;;;2;;;2.40;;;;0.00;0.00;4.80;;;;100.00;;0.04;2015
711;48;A10123;Russenzîpfli;;;;2.40;2.40;;;1;;;2.40;;;;0.00;0.00;2.40;;;;100.00;;0.02;2015
712;48;A10124;Kirschenstange;;;;2.40;2.40;;;1;;;2.40;;;;0.00;0.00;2.40;;;;100.00;;0.02;2015
713;48;A10126;Apfel im Schlafrock;;;;2.40;2.40;;;1;;;2.40;;;;0.00;0.00;2.40;;;;100.00;;0.02;2015
714;48;A10127;Aprikosenplunder;;;;2.40;2.40;;;1;;;2.40;;;;0.00;0.00;2.40;;;;100.00;;0.02;2015
715;48;A10128;Aprikosenjalousie;;;;2.40;2.40;;;1;;;2.40;;;;0.00;0.00;2.40;;;;100.00;;0.02;2015
716;48;A10129;Aprikosen-Bîgli;;;;2.40;2.40;;;1;;;2.40;;;;0.00;0.00;2.40;;;;100.00;;0.02;2015
717;48;A10130;Vanillekreuz;;;;7.20;7.20;;;3;;;2.40;;;;0.00;0.00;7.20;;;;100.00;;0.07;2015
718;48;A10131;Vanille/Apfelstange;;;;2.40;2.40;;;1;;;2.40;;;;0.00;0.00;2.40;;;;100.00;;0.02;2015
719;48;A10135;WÑhe;;;;23.40;23.40;;;6;;;3.90;;;;0.00;0.00;23.40;;;;100.00;;0.21;2015
720;48;A10136;Muffin;;;;2.50;2.50;;;1;;;2.50;;;;0.00;0.00;2.50;;;;100.00;;0.02;2015
721;48;A10144;TrockengebÑck 100g verpackt;;;;2.20;2.20;;;1;;;2.20;;;;0.00;0.00;2.20;;;;100.00;;0.02;2015
722;48;A10148;Fruchttîrtli;;;;20.20;20.20;;;8;;;2.53;;;;0.00;0.00;20.20;;;;100.00;;0.18;2015
723;48;A10160;Snacks;;;;2.50;2.50;;;1;;;2.50;;;;0.00;0.00;2.50;;;;100.00;;0.02;2015
724;48;A10200;BirchermÅesli Classic;;;;38.90;38.90;;;12;;;3.24;;;;0.00;0.00;38.90;;;;100.00;;0.35;2015
725;48;A10409;Sandwich Appenzell;;;;5.50;5.50;;;1;;;5.50;;;;0.00;0.00;5.50;;;;100.00;;0.05;2015
726;48;A10410;Sandwich Milano;;;;20.00;20.00;;;5;;;4.00;;;;0.00;0.00;20.00;;;;100.00;;0.18;2015
727;48;A10411;Sandwich Power Ham;;;;24.50;24.50;;;6;;;4.08;;;;0.00;0.00;24.50;;;;100.00;;0.22;2015
728;48;A10414;Sandwich Ham & Cheese;;;;5.50;5.50;;;1;;;5.50;;;;0.00;0.00;5.50;;;;100.00;;0.05;2015
729;48;A10415;Sandwich Turkey;;;;44.00;44.00;;;8;;;5.50;;;;0.00;0.00;44.00;;;;100.00;;0.40;2015
730;48;A10416;Sandwich Ticinese;;;;24.50;24.50;;;4;;;6.13;;;;0.00;0.00;24.50;;;;100.00;;0.22;2015
731;48;A10430;Bagel Sandwich Fisherman's Catch;;;;22.50;22.50;;;4;;;5.63;;;;0.00;0.00;22.50;;;;100.00;;0.20;2015
732;48;A10438;FB Sandwich Ham & Co;;;;33.00;33.00;;;6;;;5.50;;;;0.00;0.00;33.00;;;;100.00;;0.30;2015
733;48;A10450;Sandwich Laugenkaiser;;;;4.00;4.00;;;1;;;4.00;;;;0.00;0.00;4.00;;;;100.00;;0.04;2015
734;48;A10451;Sandwich Bauette;;;;45.50;45.50;;;9;;;5.06;;;;0.00;0.00;45.50;;;;100.00;;0.41;2015
735;49;A10000;KÅche;;;;1'021.90;1'021.90;;;42;;;24.33;;;;0.00;0.00;1'021.90;;;;100.00;;8.49;2015
736;49;A10001;Favorite;;;;3'895.00;3'895.00;;;499;;;7.81;;;;0.00;0.00;3'895.00;;;;100.00;;32.36;2015
737;49;A10002;Green;;;;2'390.00;2'390.00;;;318;;;7.52;;;;0.00;0.00;2'390.00;;;;100.00;;19.86;2015
738;49;A100039;Portion Pommes;;;;5.50;5.50;;;1;;;5.50;;;;0.00;0.00;5.50;;;;100.00;;0.05;2015
739;49;A10005;Menu Suppe;;;;34.50;34.50;;;23;;;1.50;;;;0.00;0.00;34.50;;;;100.00;;0.29;2015
740;49;A10006;Menu Salat;;;;260.50;260.50;;;165;;;1.58;;;;0.00;0.00;260.50;;;;100.00;;2.16;2015
741;49;A10007;Senf Mayo Ketschup;;;;1.50;1.50;;;3;;;0.50;;;;0.00;0.00;1.50;;;;100.00;;0.01;2015
742;49;A10008;GemÅseportion;;;;3.00;3.00;;;2;;;1.50;;;;0.00;0.00;3.00;;;;100.00;;0.02;2015
743;49;A10011;Kitchen 1;;;;367.00;367.00;;;38;;;9.66;;;;0.00;0.00;367.00;;;;100.00;;3.05;2015
744;49;A10012;Kitchen 2;;;;418.00;418.00;;;38;;;11.00;;;;0.00;0.00;418.00;;;;100.00;;3.47;2015
745;49;A10013;Kitchen 3;;;;318.00;318.00;;;26;;;12.23;;;;0.00;0.00;318.00;;;;100.00;;2.64;2015
746;49;A10014;Kitchen 4;;;;478.00;478.00;;;37;;;12.92;;;;0.00;0.00;478.00;;;;100.00;;3.97;2015
747;49;A10020;Local 0;;;;1'737.00;1'737.00;;;226;;;7.69;;;;0.00;0.00;1'737.00;;;;100.00;;14.43;2015
748;49;A10030;Market;;;;238.90;238.90;;;31;10.34;;23.10;;;;0.00;0.00;238.90;;;;100.00;;1.98;2015
749;49;A10040;Garden;;;;167.60;167.60;;;25;7.28;;23.02;;;;0.00;0.00;167.60;;;;100.00;;1.39;2015
750;49;A10063;Frucht 1.00;;;;142.00;142.00;;;142;;;1.00;;;;0.00;0.00;142.00;;;;100.00;;1.18;2015
751;49;A100700;Yogi;;;;1.80;1.80;;;1;;;1.80;;;;0.00;0.00;1.80;;;;100.00;;0.01;2015
752;49;A10072;Schichtjoghurt;;;;6.00;6.00;;;2;;;3.00;;;;0.00;0.00;6.00;;;;100.00;;0.05;2015
753;49;A10073;SaisonfrÅchte geschnitten;;;;14.00;14.00;;;4;;;3.50;;;;0.00;0.00;14.00;;;;100.00;;0.12;2015
754;49;A10100;Gipfel;;;;7.80;7.80;;;6;;;1.30;;;;0.00;0.00;7.80;;;;100.00;;0.06;2015
755;49;A10101;Ragusa-Gipfel ;;;;16.80;16.80;;;7;;;2.40;;;;0.00;0.00;16.80;;;;100.00;;0.14;2015
756;49;A10103;Vanille-Gipfel;;;;4.80;4.80;;;2;;;2.40;;;;0.00;0.00;4.80;;;;100.00;;0.04;2015
757;49;A10108;Laugenbrezel mit Butter;;;;11.00;11.00;;;5;;;2.20;;;;0.00;0.00;11.00;;;;100.00;;0.09;2015
758;49;A10114;Fitnessbrîtli ;;;;1.70;1.70;;;1;;;1.70;;;;0.00;0.00;1.70;;;;100.00;;0.01;2015
759;49;A10116;Semmel ;;;;8.40;8.40;;;6;;;1.40;;;;0.00;0.00;8.40;;;;100.00;;0.07;2015
760;49;A10119;Studentenschnitte ;;;;2.40;2.40;;;1;;;2.40;;;;0.00;0.00;2.40;;;;100.00;;0.02;2015
761;49;A10120;Mandelbrezel ;;;;2.40;2.40;;;1;;;2.40;;;;0.00;0.00;2.40;;;;100.00;;0.02;2015
762;49;A10123;Russenzîpfli;;;;7.20;7.20;;;3;;;2.40;;;;0.00;0.00;7.20;;;;100.00;;0.06;2015
763;49;A10126;Apfel im Schlafrock;;;;5.80;5.80;;;2;;;2.90;;;;0.00;0.00;5.80;;;;100.00;;0.05;2015
764;49;A10128;Aprikosenjalousie;;;;2.40;2.40;;;1;;;2.40;;;;0.00;0.00;2.40;;;;100.00;;0.02;2015
765;49;A10130;Vanillekreuz;;;;8.20;8.20;;;3;;;2.73;;;;0.00;0.00;8.20;;;;100.00;;0.07;2015
766;49;A10135;WÑhe;;;;23.90;23.90;;;6;;;3.98;;;;0.00;0.00;23.90;;;;100.00;;0.20;2015
767;49;A10136;Muffin;;;;17.50;17.50;;;7;;;2.50;;;;0.00;0.00;17.50;;;;100.00;;0.15;2015
768;49;A10144;TrockengebÑck 100g verpackt;;;;16.40;16.40;;;7;;;2.34;;;;0.00;0.00;16.40;;;;100.00;;0.14;2015
769;49;A10148;Fruchttîrtli;;;;7.20;7.20;;;3;;;2.40;;;;0.00;0.00;7.20;;;;100.00;;0.06;2015
770;49;A10162;Bienenstich;;;;4.80;4.80;;;2;;;2.40;;;;0.00;0.00;4.80;;;;100.00;;0.04;2015
771;49;A10200;BirchermÅesli Classic;;;;38.40;38.40;;;12;;;3.20;;;;0.00;0.00;38.40;;;;100.00;;0.32;2015
772;49;A10409;Sandwich Appenzell;;;;11.00;11.00;;;2;;;5.50;;;;0.00;0.00;11.00;;;;100.00;;0.09;2015
773;49;A10410;Sandwich Milano;;;;49.00;49.00;;;12;;;4.08;;;;0.00;0.00;49.00;;;;100.00;;0.41;2015
774;49;A10411;Sandwich Power Ham;;;;8.50;8.50;;;2;;;4.25;;;;0.00;0.00;8.50;;;;100.00;;0.07;2015
775;49;A10412;Sandwich Gruyere;;;;8.00;8.00;;;2;;;4.00;;;;0.00;0.00;8.00;;;;100.00;;0.07;2015
776;49;A10414;Sandwich Ham & Cheese;;;;22.00;22.00;;;4;;;5.50;;;;0.00;0.00;22.00;;;;100.00;;0.18;2015
777;49;A10415;Sandwich Turkey;;;;44.50;44.50;;;8;;;5.56;;;;0.00;0.00;44.50;;;;100.00;;0.37;2015
778;49;A10416;Sandwich Ticinese;;;;49.50;49.50;;;8;;;6.19;;;;0.00;0.00;49.50;;;;100.00;;0.41;2015
779;49;A10422;Sandwich Turkey Classic;;;;6.50;6.50;;;1;;;6.50;;;;0.00;0.00;6.50;;;;100.00;;0.05;2015
780;49;A10427;Bagel Sandwich Tandoori;;;;5.50;5.50;;;1;;;5.50;;;;0.00;0.00;5.50;;;;100.00;;0.05;2015
781;49;A10430;Bagel Sandwich Fisherman's Catch;;;;49.50;49.50;;;9;;;5.50;;;;0.00;0.00;49.50;;;;100.00;;0.41;2015
782;49;A10432;Bagel Sandwich Turkey Classic;;;;5.50;5.50;;;1;;;5.50;;;;0.00;0.00;5.50;;;;100.00;;0.05;2015
783;49;A10433;Bagel Sandwich Vegi Luxus;;;;5.50;5.50;;;1;;;5.50;;;;0.00;0.00;5.50;;;;100.00;;0.05;2015
784;49;A10435;FB Sandwich Emmental;;;;5.50;5.50;;;1;;;5.50;;;;0.00;0.00;5.50;;;;100.00;;0.05;2015
785;49;A10438;FB Sandwich Ham & Co;;;;22.00;22.00;;;4;;;5.50;;;;0.00;0.00;22.00;;;;100.00;;0.18;2015
786;49;A10440;FB Sandwich Hammer Ham;;;;5.50;5.50;;;1;;;5.50;;;;0.00;0.00;5.50;;;;100.00;;0.05;2015
787;49;A10450;Sandwich Laugenkaiser;;;;4.00;4.00;;;1;;;4.00;;;;0.00;0.00;4.00;;;;100.00;;0.03;2015
788;49;A10451;Sandwich Bauette;;;;46.00;46.00;;;9;;;5.11;;;;0.00;0.00;46.00;;;;100.00;;0.38;2015
789;50;A10000;KÅche;;;;42.30;42.30;;;9;;;4.70;;;;0.00;0.00;42.30;;;;100.00;;0.40;2015
790;50;A10001;Favorite;;;;3'777.00;3'777.00;;;485;;;7.79;;;;0.00;0.00;3'777.00;;;;100.00;;35.66;2015
791;50;A10002;Green;;;;2'740.00;2'740.00;;;362;;;7.57;;;;0.00;0.00;2'740.00;;;;100.00;;25.87;2015
792;50;A100039;Portion Pommes;;;;11.00;11.00;;;2;;;5.50;;;;0.00;0.00;11.00;;;;100.00;;0.10;2015
793;50;A10005;Menu Suppe;;;;43.50;43.50;;;29;;;1.50;;;;0.00;0.00;43.50;;;;100.00;;0.41;2015
794;50;A10006;Menu Salat;;;;211.50;211.50;;;131;;;1.61;;;;0.00;0.00;211.50;;;;100.00;;2.00;2015
795;50;A10007;Senf Mayo Ketschup;;;;9.50;9.50;;;19;;;0.50;;;;0.00;0.00;9.50;;;;100.00;;0.09;2015
796;50;A10008;GemÅseportion;;;;1.50;1.50;;;1;;;1.50;;;;0.00;0.00;1.50;;;;100.00;;0.01;2015
797;50;A10011;Kitchen 1;;;;103.00;103.00;;;11;;;9.36;;;;0.00;0.00;103.00;;;;100.00;;0.97;2015
798;50;A10013;Kitchen 3;;;;542.00;542.00;;;46;;;11.78;;;;0.00;0.00;542.00;;;;100.00;;5.12;2015
799;50;A10014;Kitchen 4;;;;907.00;907.00;;;69;;;13.14;;;;0.00;0.00;907.00;;;;100.00;;8.56;2015
800;50;A10020;Local 0;;;;1'462.00;1'462.00;;;189;;;7.74;;;;0.00;0.00;1'462.00;;;;100.00;;13.80;2015
801;50;A10030;Market;;;;235.60;235.60;;;34;10.13;;23.27;;;;0.00;0.00;235.60;;;;100.00;;2.22;2015
802;50;A10040;Garden;;;;84.00;84.00;;;13;3.66;;22.96;;;;0.00;0.00;84.00;;;;100.00;;0.79;2015
803;50;A10063;Frucht 1.00;;;;8.00;8.00;;;8;;;1.00;;;;0.00;0.00;8.00;;;;100.00;;0.08;2015
804;50;A100700;Yogi;;;;1.60;1.60;;;1;;;1.60;;;;0.00;0.00;1.60;;;;100.00;;0.02;2015
805;50;A10072;Schichtjoghurt;;;;9.00;9.00;;;3;;;3.00;;;;0.00;0.00;9.00;;;;100.00;;0.08;2015
806;50;A10073;SaisonfrÅchte geschnitten;;;;18.00;18.00;;;5;;;3.60;;;;0.00;0.00;18.00;;;;100.00;;0.17;2015
807;50;A10100;Gipfel;;;;1.30;1.30;;;1;;;1.30;;;;0.00;0.00;1.30;;;;100.00;;0.01;2015
808;50;A10101;Ragusa-Gipfel ;;;;8.20;8.20;;;3;;;2.73;;;;0.00;0.00;8.20;;;;100.00;;0.08;2015
809;50;A10103;Vanille-Gipfel;;;;10.10;10.10;;;4;;;2.53;;;;0.00;0.00;10.10;;;;100.00;;0.10;2015
810;50;A10108;Laugenbrezel mit Butter;;;;13.40;13.40;;;6;;;2.23;;;;0.00;0.00;13.40;;;;100.00;;0.13;2015
811;50;A10112;Maisbrîtli;;;;1.70;1.70;;;1;;;1.70;;;;0.00;0.00;1.70;;;;100.00;;0.02;2015
812;50;A10114;Fitnessbrîtli ;;;;1.70;1.70;;;1;;;1.70;;;;0.00;0.00;1.70;;;;100.00;;0.02;2015
813;50;A10119;Studentenschnitte ;;;;7.20;7.20;;;3;;;2.40;;;;0.00;0.00;7.20;;;;100.00;;0.07;2015
814;50;A10121;Mandelschnecke ;;;;2.40;2.40;;;1;;;2.40;;;;0.00;0.00;2.40;;;;100.00;;0.02;2015
815;50;A10124;Kirschenstange;;;;5.30;5.30;;;2;;;2.65;;;;0.00;0.00;5.30;;;;100.00;;0.05;2015
816;50;A10126;Apfel im Schlafrock;;;;5.30;5.30;;;2;;;2.65;;;;0.00;0.00;5.30;;;;100.00;;0.05;2015
817;50;A10128;Aprikosenjalousie;;;;5.30;5.30;;;2;;;2.65;;;;0.00;0.00;5.30;;;;100.00;;0.05;2015
818;50;A10130;Vanillekreuz;;;;2.40;2.40;;;1;;;2.40;;;;0.00;0.00;2.40;;;;100.00;;0.02;2015
819;50;A10135;WÑhe;;;;19.50;19.50;;;5;;;3.90;;;;0.00;0.00;19.50;;;;100.00;;0.18;2015
820;50;A10136;Muffin;;;;5.00;5.00;;;2;;;2.50;;;;0.00;0.00;5.00;;;;100.00;;0.05;2015
821;50;A10144;TrockengebÑck 100g verpackt;;;;6.60;6.60;;;3;;;2.20;;;;0.00;0.00;6.60;;;;100.00;;0.06;2015
822;50;A10162;Bienenstich;;;;4.80;4.80;;;2;;;2.40;;;;0.00;0.00;4.80;;;;100.00;;0.05;2015
823;50;A10163;BÅrli;;;;1.40;1.40;;;1;;;1.40;;;;0.00;0.00;1.40;;;;100.00;;0.01;2015
824;50;A10200;BirchermÅesli Classic;;;;38.90;38.90;;;12;;;3.24;;;;0.00;0.00;38.90;;;;100.00;;0.37;2015
825;50;A10408;Sandwich Hammer Ham;;;;13.00;13.00;;;2;;;6.50;;;;0.00;0.00;13.00;;;;100.00;;0.12;2015
826;50;A10409;Sandwich Appenzell;;;;11.00;11.00;;;2;;;5.50;;;;0.00;0.00;11.00;;;;100.00;;0.10;2015
827;50;A10410;Sandwich Milano;;;;12.00;12.00;;;3;;;4.00;;;;0.00;0.00;12.00;;;;100.00;;0.11;2015
828;50;A10411;Sandwich Power Ham;;;;12.00;12.00;;;3;;;4.00;;;;0.00;0.00;12.00;;;;100.00;;0.11;2015
829;50;A10412;Sandwich Gruyere;;;;4.00;4.00;;;1;;;4.00;;;;0.00;0.00;4.00;;;;100.00;;0.04;2015
830;50;A10413;Sandwich Start Your Day;;;;4.50;4.50;;;1;;;4.50;;;;0.00;0.00;4.50;;;;100.00;;0.04;2015
831;50;A10415;Sandwich Turkey;;;;33.00;33.00;;;6;;;5.50;;;;0.00;0.00;33.00;;;;100.00;;0.31;2015
832;50;A10416;Sandwich Ticinese;;;;24.50;24.50;;;4;;;6.13;;;;0.00;0.00;24.50;;;;100.00;;0.23;2015
833;50;A10422;Sandwich Turkey Classic;;;;6.50;6.50;;;1;;;6.50;;;;0.00;0.00;6.50;;;;100.00;;0.06;2015
834;50;A10424;Sandwich Vegi Luxus Muhammara;;;;6.00;6.00;;;1;;;6.00;;;;0.00;0.00;6.00;;;;100.00;;0.06;2015
835;50;A10430;Bagel Sandwich Fisherman's Catch;;;;33.00;33.00;;;6;;;5.50;;;;0.00;0.00;33.00;;;;100.00;;0.31;2015
836;50;A10433;Bagel Sandwich Vegi Luxus;;;;33.00;33.00;;;6;;;5.50;;;;0.00;0.00;33.00;;;;100.00;;0.31;2015
837;50;A10438;FB Sandwich Ham & Co;;;;17.00;17.00;;;3;;;5.67;;;;0.00;0.00;17.00;;;;100.00;;0.16;2015
838;50;A10440;FB Sandwich Hammer Ham;;;;5.50;5.50;;;1;;;5.50;;;;0.00;0.00;5.50;;;;100.00;;0.05;2015
839;50;A10450;Sandwich Laugenkaiser;;;;4.00;4.00;;;1;;;4.00;;;;0.00;0.00;4.00;;;;100.00;;0.04;2015
840;50;A10451;Sandwich Bauette;;;;25.00;25.00;;;5;;;5.00;;;;0.00;0.00;25.00;;;;100.00;;0.24;2015
841;51;A10000;KÅche;;;;442.20;442.20;;;42;;;10.53;;;;0.00;0.00;442.20;;;;100.00;;3.99;2015
842;51;A10001;Favorite;;;;3'392.00;3'392.00;;;434;;;7.82;;;;0.00;0.00;3'392.00;;;;100.00;;30.57;2015
843;51;A10002;Green;;;;2'286.00;2'286.00;;;302;;;7.57;;;;0.00;0.00;2'286.00;;;;100.00;;20.60;2015
844;51;A100039;Portion Pommes;;;;5.50;5.50;;;1;;;5.50;;;;0.00;0.00;5.50;;;;100.00;;0.05;2015
845;51;A10005;Menu Suppe;;;;32.50;32.50;;;21;;;1.55;;;;0.00;0.00;32.50;;;;100.00;;0.29;2015
846;51;A10006;Menu Salat;;;;158.00;158.00;;;98;;;1.61;;;;0.00;0.00;158.00;;;;100.00;;1.42;2015
847;51;A10007;Senf Mayo Ketschup;;;;2.50;2.50;;;5;;;0.50;;;;0.00;0.00;2.50;;;;100.00;;0.02;2015
848;51;A10011;Kitchen 1;;;;132.00;132.00;;;14;;;9.43;;;;0.00;0.00;132.00;;;;100.00;;1.19;2015
849;51;A10012;Kitchen 2;;;;467.00;467.00;;;43;;;10.86;;;;0.00;0.00;467.00;;;;100.00;;4.21;2015
850;51;A10013;Kitchen 3;;;;180.00;180.00;;;15;;;12.00;;;;0.00;0.00;180.00;;;;100.00;;1.62;2015
851;51;A10014;Kitchen 4;;;;806.00;806.00;;;63;;;12.79;;;;0.00;0.00;806.00;;;;100.00;;7.26;2015
852;51;A10020;Local 0;;;;1'374.00;1'374.00;;;178;;;7.72;;;;0.00;0.00;1'374.00;;;;100.00;;12.38;2015
853;51;A10030;Market;;;;88.90;88.90;;;13;3.86;;23.03;;;;0.00;0.00;88.90;;;;100.00;;0.80;2015
854;51;A10040;Garden;;;;318.80;318.80;;;48;13.80;;23.09;;;;0.00;0.00;318.80;;;;100.00;;2.87;2015
855;51;A10061;Frucht -.80;;;;2.40;2.40;;;3;;;0.80;;;;0.00;0.00;2.40;;;;100.00;;0.02;2015
856;51;A10063;Frucht 1.00;;;;20.00;20.00;;;20;;;1.00;;;;0.00;0.00;20.00;;;;100.00;;0.18;2015
857;51;A10065;Frucht 1.30;;;;1.30;1.30;;;1;;;1.30;;;;0.00;0.00;1.30;;;;100.00;;0.01;2015
858;51;A10072;Schichtjoghurt;;;;9.00;9.00;;;3;;;3.00;;;;0.00;0.00;9.00;;;;100.00;;0.08;2015
859;51;A10073;SaisonfrÅchte geschnitten;;;;21.50;21.50;;;6;;;3.58;;;;0.00;0.00;21.50;;;;100.00;;0.19;2015
860;51;A10074;Milchreis;;;;2.30;2.30;;;1;;;2.30;;;;0.00;0.00;2.30;;;;100.00;;0.02;2015
861;51;A10100;Gipfel;;;;6.50;6.50;;;5;;;1.30;;;;0.00;0.00;6.50;;;;100.00;;0.06;2015
862;51;A10101;Ragusa-Gipfel ;;;;5.30;5.30;;;2;;;2.65;;;;0.00;0.00;5.30;;;;100.00;;0.05;2015
863;51;A10108;Laugenbrezel mit Butter;;;;11.00;11.00;;;5;;;2.20;;;;0.00;0.00;11.00;;;;100.00;;0.10;2015
864;51;A10111;Schoggi Fair;;;;4.40;4.40;;;2;;;2.20;;;;0.00;0.00;4.40;;;;100.00;;0.04;2015
865;51;A10112;Maisbrîtli;;;;44.20;44.20;;;26;;;1.70;;;;0.00;0.00;44.20;;;;100.00;;0.40;2015
866;51;A10114;Fitnessbrîtli ;;;;12.10;12.10;;;7;;;1.73;;;;0.00;0.00;12.10;;;;100.00;;0.11;2015
867;51;A10116;Semmel ;;;;4.20;4.20;;;3;;;1.40;;;;0.00;0.00;4.20;;;;100.00;;0.04;2015
868;51;A10118;Brownie ;;;;50.40;50.40;;;21;;;2.40;;;;0.00;0.00;50.40;;;;100.00;;0.45;2015
869;51;A10119;Studentenschnitte ;;;;4.80;4.80;;;2;;;2.40;;;;0.00;0.00;4.80;;;;100.00;;0.04;2015
870;51;A10121;Mandelschnecke ;;;;7.20;7.20;;;3;;;2.40;;;;0.00;0.00;7.20;;;;100.00;;0.06;2015
871;51;A10122;Nussbrille;;;;2.40;2.40;;;1;;;2.40;;;;0.00;0.00;2.40;;;;100.00;;0.02;2015
872;51;A10123;Russenzîpfli;;;;2.40;2.40;;;1;;;2.40;;;;0.00;0.00;2.40;;;;100.00;;0.02;2015
873;51;A10126;Apfel im Schlafrock;;;;4.80;4.80;;;2;;;2.40;;;;0.00;0.00;4.80;;;;100.00;;0.04;2015
874;51;A10127;Aprikosenplunder;;;;2.40;2.40;;;1;;;2.40;;;;0.00;0.00;2.40;;;;100.00;;0.02;2015
875;51;A10128;Aprikosenjalousie;;;;2.40;2.40;;;1;;;2.40;;;;0.00;0.00;2.40;;;;100.00;;0.02;2015
876;51;A10129;Aprikosen-Bîgli;;;;2.40;2.40;;;1;;;2.40;;;;0.00;0.00;2.40;;;;100.00;;0.02;2015
877;51;A10130;Vanillekreuz;;;;2.40;2.40;;;1;;;2.40;;;;0.00;0.00;2.40;;;;100.00;;0.02;2015
878;51;A10135;WÑhe;;;;27.30;27.30;;;7;;;3.90;;;;0.00;0.00;27.30;;;;100.00;;0.25;2015
879;51;A10144;TrockengebÑck 100g verpackt;;;;11.00;11.00;;;5;;;2.20;;;;0.00;0.00;11.00;;;;100.00;;0.10;2015
880;51;A10148;Fruchttîrtli;;;;7.20;7.20;;;3;;;2.40;;;;0.00;0.00;7.20;;;;100.00;;0.06;2015
881;51;A10162;Bienenstich;;;;4.80;4.80;;;2;;;2.40;;;;0.00;0.00;4.80;;;;100.00;;0.04;2015
882;51;A10200;BirchermÅesli Classic;;;;51.20;51.20;;;16;;;3.20;;;;0.00;0.00;51.20;;;;100.00;;0.46;2015
883;51;A10408;Sandwich Hammer Ham;;;;6.50;6.50;;;1;;;6.50;;;;0.00;0.00;6.50;;;;100.00;;0.06;2015
884;51;A10409;Sandwich Appenzell;;;;11.00;11.00;;;2;;;5.50;;;;0.00;0.00;11.00;;;;100.00;;0.10;2015
885;51;A10410;Sandwich Milano;;;;24.00;24.00;;;6;;;4.00;;;;0.00;0.00;24.00;;;;100.00;;0.22;2015
886;51;A10411;Sandwich Power Ham;;;;16.50;16.50;;;4;;;4.13;;;;0.00;0.00;16.50;;;;100.00;;0.15;2015
887;51;A10412;Sandwich Gruyere;;;;8.50;8.50;;;2;;;4.25;;;;0.00;0.00;8.50;;;;100.00;;0.08;2015
888;51;A10414;Sandwich Ham & Cheese;;;;22.00;22.00;;;4;;;5.50;;;;0.00;0.00;22.00;;;;100.00;;0.20;2015
889;51;A10415;Sandwich Turkey;;;;27.50;27.50;;;5;;;5.50;;;;0.00;0.00;27.50;;;;100.00;;0.25;2015
890;51;A10416;Sandwich Ticinese;;;;36.00;36.00;;;6;;;6.00;;;;0.00;0.00;36.00;;;;100.00;;0.32;2015
891;51;A10430;Bagel Sandwich Fisherman's Catch;;;;28.00;28.00;;;5;;;5.60;;;;0.00;0.00;28.00;;;;100.00;;0.25;2015
892;51;A10433;Bagel Sandwich Vegi Luxus;;;;33.50;33.50;;;6;;;5.58;;;;0.00;0.00;33.50;;;;100.00;;0.30;2015
893;51;A10435;FB Sandwich Emmental;;;;5.50;5.50;;;1;;;5.50;;;;0.00;0.00;5.50;;;;100.00;;0.05;2015
894;51;A10438;FB Sandwich Ham & Co;;;;33.00;33.00;;;6;;;5.50;;;;0.00;0.00;33.00;;;;100.00;;0.30;2015
895;51;A10450;Sandwich Laugenkaiser;;;;12.00;12.00;;;3;;;4.00;;;;0.00;0.00;12.00;;;;100.00;;0.11;2015
896;51;A10451;Sandwich Bauette;;;;30.00;30.00;;;6;;;5.00;;;;0.00;0.00;30.00;;;;100.00;;0.27;2015
897;51;L18000;Huusbrot 1kg;;;;220.80;220.80;;;46;;;4.80;;;;0.00;0.00;220.80;;;;100.00;;1.99;2015
898;51;L18003;Knusper Crunch, Familia 2kg;;;;76.00;76.00;;;4;;;19.00;;;;0.00;0.00;76.00;;;;100.00;;0.68;2015
899;51;L18004;Corn Flakes, Kellogs Superkpack 4x1kg;;;;36.00;36.00;;;1;;;36.00;;;;0.00;0.00;36.00;;;;100.00;;0.32;2015
900;51;L18005;Haferflocken fein, Knorr 500g;;;;15.00;15.00;;;6;;;2.50;;;;0.00;0.00;15.00;;;;100.00;;0.14;2015
901;51;L18006;KÑseplatte 800g;;;;96.00;96.00;;;3;;;32.00;;;;0.00;0.00;96.00;;;;100.00;;0.87;2015
902;51;L18007;Aufschnitt- / Wurstplatte 800g;;;;84.00;84.00;;;3;;;28.00;;;;0.00;0.00;84.00;;;;100.00;;0.76;2015
903;51;L18009;Butter Portionen 10g 96Stk.;;;;72.00;72.00;;;3;;;24.00;;;;0.00;0.00;72.00;;;;100.00;;0.65;2015
904;51;L18010;LÑtta Margarine Portioen 10g 100Stk.;;;;48.00;48.00;;;2;;;24.00;;;;0.00;0.00;48.00;;;;100.00;;0.43;2015
905;51;L18013;Smacks Kellogs Superpack 8x600g;;;;41.00;41.00;;;1;;;41.00;;;;0.00;0.00;41.00;;;;100.00;;0.37;2015
906;51;L18014;Joghurt diverse Sorten 3kg;;;;100.00;100.00;;;8;;;12.50;;;;0.00;0.00;100.00;;;;100.00;;0.90;2015
907;52;A10000;KÅche;;;;27.00;27.00;;;6;;;4.50;;;;0.00;0.00;27.00;;;;100.00;;1.49;2015
908;52;A10001;Favorite;;;;900.00;900.00;;;114;;;7.89;;;;0.00;0.00;900.00;;;;100.00;;49.65;2015
909;52;A10002;Green;;;;785.00;785.00;;;100;;;7.85;;;;0.00;0.00;785.00;;;;100.00;;43.30;2015
910;52;A10006;Menu Salat;;;;54.00;54.00;;;36;;;1.50;;;;0.00;0.00;54.00;;;;100.00;;2.98;2015
911;52;A10040;Garden;;;;8.80;8.80;;;2;0.38;;22.92;;;;0.00;0.00;8.80;;;;100.00;;0.49;2015
912;52;A10063;Frucht 1.00;;;;1.00;1.00;;;1;;;1.00;;;;0.00;0.00;1.00;;;;100.00;;0.06;2015
913;52;A10144;TrockengebÑck 100g verpackt;;;;22.00;22.00;;;10;;;2.20;;;;0.00;0.00;22.00;;;;100.00;;1.21;2015
914;52;A10412;Sandwich Gruyere;;;;4.00;4.00;;;1;;;4.00;;;;0.00;0.00;4.00;;;;100.00;;0.22;2015
915;52;A10415;Sandwich Turkey;;;;5.50;5.50;;;1;;;5.50;;;;0.00;0.00;5.50;;;;100.00;;0.30;2015
916;52;A10435;FB Sandwich Emmental;;;;5.50;5.50;;;1;;;5.50;;;;0.00;0.00;5.50;;;;100.00;;0.30;2015
