ID;Artikel;NA;Bruttobetrag;Nettobetrag;Verkaufte Stücke;Gewicht verkauft;Durchschnittlicher Preis;Referenzbetrag;Ref %;Tot %Umsatz;source;year
1;A10000;Küche;103;103;15;0;6.87;103;100;1;KW33.xlsx;2015
2;A10001;Favorite;3'110.00;3'110.00;404;0;7.7;3'110.00;100;30.16;KW33.xlsx;2015
3;A10002;Green;2'600.00;2'600.00;345;0;7.54;2'600.00;100;25.21;KW33.xlsx;2015
4;A10004;Brot Stück;0.3;0.3;1;0;0.3;0.3;100;0;KW33.xlsx;2015
5;A10005;Menu Suppe;37.5;37.5;25;0;1.5;37.5;100;0.36;KW33.xlsx;2015
6;A10006;Menu Salat;316;316;206;0;1.53;316;100;3.06;KW33.xlsx;2015
7;A10007;Senf Mayo Ketschup;3.5;3.5;7;0;0.5;3.5;100;0.03;KW33.xlsx;2015
8;A10011;Kitchen 1;683;683;70;0;9.76;683;100;6.62;KW33.xlsx;2015
9;A10013;Kitchen 3;382;382;32;0;11.94;382;100;3.7;KW33.xlsx;2015
10;A10014;Kitchen 4;519;519;41;0;12.66;519;100;5.03;KW33.xlsx;2015
11;A10020;Local 0;1'596.00;1'596.00;212;0;7.53;1'596.00;100;15.48;KW33.xlsx;2015
12;A10030;Market;248.3;248.3;35;10.75;23.1;248.3;100;2.41;KW33.xlsx;2015
13;A10040;Garden;257.2;257.2;34;11.01;23.36;257.2;100;2.49;KW33.xlsx;2015
14;A10061;Frucht -.80;2.4;2.4;3;0;0.8;2.4;100;0.02;KW33.xlsx;2015
15;A10063;Frucht 1.00;5;5;5;0;1;5;100;0.05;KW33.xlsx;2015
16;A10070;Yogurt 150g;2.1;2.1;1;0;2.1;2.1;100;0.02;KW33.xlsx;2015
17;A100700;Yogi;1.6;1.6;1;0;1.6;1.6;100;0.02;KW33.xlsx;2015
18;A10072;Schichtjoghurt;9;9;3;0;3;9;100;0.09;KW33.xlsx;2015
19;A10073;Saisonfrüchte geschnitten;14;14;4;0;3.5;14;100;0.14;KW33.xlsx;2015
20;A10074;Milchreis;2.3;2.3;1;0;2.3;2.3;100;0.02;KW33.xlsx;2015
21;A10100;Gipfel;1.3;1.3;1;0;1.3;1.3;100;0.01;KW33.xlsx;2015
22;A10101;Ragusa-Gipfel ;19.7;19.7;8;0;2.46;19.7;100;0.19;KW33.xlsx;2015
23;A10103;Vanille-Gipfel;4.8;4.8;2;0;2.4;4.8;100;0.05;KW33.xlsx;2015
24;A10111;Schoggi Fair;2.2;2.2;1;0;2.2;2.2;100;0.02;KW33.xlsx;2015
25;A10114;Fitnessbrötli ;1.7;1.7;1;0;1.7;1.7;100;0.02;KW33.xlsx;2015
26;A10119;Studentenschnitte ;2.9;2.9;1;0;2.9;2.9;100;0.03;KW33.xlsx;2015
27;A10121;Mandelschnecke ;5.3;5.3;2;0;2.65;5.3;100;0.05;KW33.xlsx;2015
28;A10122;Nussbrille;2.4;2.4;1;0;2.4;2.4;100;0.02;KW33.xlsx;2015
29;A10123;Russenzöpfli;2.4;2.4;1;0;2.4;2.4;100;0.02;KW33.xlsx;2015
30;A10126;Apfel im Schlafrock;2.4;2.4;1;0;2.4;2.4;100;0.02;KW33.xlsx;2015
31;A10127;Aprikosenplunder;2.4;2.4;1;0;2.4;2.4;100;0.02;KW33.xlsx;2015
32;A10128;Aprikosenjalousie;2.4;2.4;1;0;2.4;2.4;100;0.02;KW33.xlsx;2015
34;A10000;Küche;298.2;298.2;49;0;6.09;298.2;100;3.94;KW34.xlsx;2015
35;A10001;Favorite;3'163.00;3'163.00;383;0;8.26;3'163.00;100;41.79;KW34.xlsx;2015
36;A10002;Green;2'128.00;2'128.00;264;0;8.06;2'128.00;100;28.12;KW34.xlsx;2015
37;A10003;nur Fleisch Favorite;6;6;1;0;6;6;100;0.08;KW34.xlsx;2015
38;A10006;Menu Salat;151.5;151.5;95;0;1.59;151.5;100;2;KW34.xlsx;2015
39;A10011;Kitchen 1;159;159;16;0;9.94;159;100;2.1;KW34.xlsx;2015
40;A10012;Kitchen 2;48;48;4;0;12;48;100;0.63;KW34.xlsx;2015
41;A10013;Kitchen 3;763;763;64;0;11.92;763;100;10.08;KW34.xlsx;2015
42;A10014;Kitchen 4;160;160;12;0;13.33;160;100;2.11;KW34.xlsx;2015
43;A10023;Local 3;71;71;6;0;11.83;71;100;0.94;KW34.xlsx;2015
44;A10024;Local 4;211;211;16;0;13.19;211;100;2.79;KW34.xlsx;2015
45;A10040;Garden;237.1;237.1;33;10.22;23.19;237.1;100;3.13;KW34.xlsx;2015
46;A10063;Frucht 1.00;8;8;8;0;1;8;100;0.11;KW34.xlsx;2015
47;A10064;Frucht 1.20;1.2;1.2;1;0;1.2;1.2;100;0.02;KW34.xlsx;2015
48;A10065;Frucht 1.30;1.3;1.3;1;0;1.3;1.3;100;0.02;KW34.xlsx;2015
49;A10072;Schichtjoghurt;6;6;2;0;3;6;100;0.08;KW34.xlsx;2015
50;A10073;Saisonfrüchte geschnitten;3.5;3.5;1;0;3.5;3.5;100;0.05;KW34.xlsx;2015
51;A10104;Schoggi-Gipfel ;7.7;7.7;3;0;2.57;7.7;100;0.1;KW34.xlsx;2015
52;A10114;Fitnessbrötli ;1.7;1.7;1;0;1.7;1.7;100;0.02;KW34.xlsx;2015
53;A10116;Semmel ;2.8;2.8;2;0;1.4;2.8;100;0.04;KW34.xlsx;2015
54;A10123;Russenzöpfli;2.9;2.9;1;0;2.9;2.9;100;0.04;KW34.xlsx;2015
55;A10126;Apfel im Schlafrock;2.4;2.4;1;0;2.4;2.4;100;0.03;KW34.xlsx;2015
56;A10127;Aprikosenplunder;4.8;4.8;2;0;2.4;4.8;100;0.06;KW34.xlsx;2015
57;A10136;Muffin;2.5;2.5;1;0;2.5;2.5;100;0.03;KW34.xlsx;2015
58;A10200;Birchermüesli Classic;28.8;28.8;9;0;3.2;28.8;100;0.38;KW34.xlsx;2015
59;A10400;Sandwich klein;36;36;9;0;4;36;100;0.48;KW34.xlsx;2015
60;A10401;Sandwich Mittel;31;31;6;0;5.17;31;100;0.41;KW34.xlsx;2015
61;A10403;Bagel 1;11;11;2;0;5.5;11;100;0.15;KW34.xlsx;2015
62;L19000;Brotwaren offen;7;7;1;0;7;7;100;0.09;KW34.xlsx;2015
63;L19100;Patisserie offen;4.6;4.6;2;0;2.3;4.6;100;0.06;KW34.xlsx;2015
64;L19200;Sandwich offen;9;9;2;0;4.5;9;100;0.12;KW34.xlsx;2015
65;Total Gruppe;NA;7'568.00;7'568.00;998;10.22;7.58;7'568.00;NA;100;KW34.xlsx;2015
67;A10000;Küche;140;140;34;0;4.12;140;100;1.95;KW35.xlsx;2015
68;A10001;Favorite;3'016.00;3'016.00;361;0;8.35;3'016.00;100;41.92;KW35.xlsx;2015
69;A10002;Green;1'736.00;1'736.00;217;0;8;1'736.00;100;24.13;KW35.xlsx;2015
70;A10006;Menu Salat;123.5;123.5;77;0;1.6;123.5;100;1.72;KW35.xlsx;2015
71;A10007;Senf Mayo Ketschup;1;1;2;0;0.5;1;100;0.01;KW35.xlsx;2015
72;A10010;Kitchen 0;9;9;1;0;9;9;100;0.13;KW35.xlsx;2015
73;A10011;Kitchen 1;653;653;63;0;10.37;653;100;9.08;KW35.xlsx;2015
74;A10014;Kitchen 4;435;435;31;0;14.03;435;100;6.05;KW35.xlsx;2015
75;A10020;Local 0;462;462;57;0;8.11;462;100;6.42;KW35.xlsx;2015
76;A10021;Local 1;99;99;10;0;9.9;99;100;1.38;KW35.xlsx;2015
77;A10040;Garden;298.1;298.1;41;12.85;23.19;298.1;100;4.14;KW35.xlsx;2015
78;A10063;Frucht 1.00;7;7;7;0;1;7;100;0.1;KW35.xlsx;2015
79;A10071;Quark;3.4;3.4;2;0;1.7;3.4;100;0.05;KW35.xlsx;2015
80;A10072;Schichtjoghurt;3;3;1;0;3;3;100;0.04;KW35.xlsx;2015
81;A10073;Saisonfrüchte geschnitten;3.5;3.5;1;0;3.5;3.5;100;0.05;KW35.xlsx;2015
82;A10110;Sonnenblumenbrötli;1.7;1.7;1;0;1.7;1.7;100;0.02;KW35.xlsx;2015
83;A10112;Maisbrötli;1.7;1.7;1;0;1.7;1.7;100;0.02;KW35.xlsx;2015
84;A10116;Semmel ;1.4;1.4;1;0;1.4;1.4;100;0.02;KW35.xlsx;2015
85;A10123;Russenzöpfli;2.4;2.4;1;0;2.4;2.4;100;0.03;KW35.xlsx;2015
86;A10124;Kirschenstange;4.8;4.8;2;0;2.4;4.8;100;0.07;KW35.xlsx;2015
87;A10127;Aprikosenplunder;9.6;9.6;4;0;2.4;9.6;100;0.13;KW35.xlsx;2015
88;A10148;Fruchttörtli;2.9;2.9;1;0;2.9;2.9;100;0.04;KW35.xlsx;2015
89;A10200;Birchermüesli Classic;32;32;10;0;3.2;32;100;0.44;KW35.xlsx;2015
90;A10400;Sandwich klein;41;41;10;0;4.1;41;100;0.57;KW35.xlsx;2015
91;A10401;Sandwich Mittel;21;21;4;0;5.25;21;100;0.29;KW35.xlsx;2015
92;A10402;Sandwich Gross;24;24;4;0;6;24;100;0.33;KW35.xlsx;2015
93;A10403;Bagel 1;27.5;27.5;5;0;5.5;27.5;100;0.38;KW35.xlsx;2015
94;A10404;Bagel 2;12;12;2;0;6;12;100;0.17;KW35.xlsx;2015
95;A10405;Sandwich;9;9;2;0;4.5;9;100;0.13;KW35.xlsx;2015
96;L19100;Patisserie offen;10.5;10.5;4;0;2.63;10.5;100;0.15;KW35.xlsx;2015
97;L19200;Sandwich offen;4.5;4.5;1;0;4.5;4.5;100;0.06;KW35.xlsx;2015
98;Total Gruppe;NA;7'195.50;7'195.50;958;12.85;7.51;7'195.50;NA;100;KW35.xlsx;2015
100;A10000;Küche;139;139;22;0;6.32;139;100;1.78;KW36.xlsx;2015
101;A10001;Favorite;3'166.00;3'166.00;383;0;8.27;3'166.00;100;40.56;KW36.xlsx;2015
102;A10002;Green;1'663.00;1'663.00;205;0;8.11;1'663.00;100;21.31;KW36.xlsx;2015
103;A10006;Menu Salat;147.5;147.5;93;0;1.59;147.5;100;1.89;KW36.xlsx;2015
104;A10007;Senf Mayo Ketschup;4.5;4.5;9;0;0.5;4.5;100;0.06;KW36.xlsx;2015
105;A10011;Kitchen 1;640;640;64;0;10;640;100;8.2;KW36.xlsx;2015
106;A10013;Kitchen 3;145;145;12;0;12.08;145;100;1.86;KW36.xlsx;2015
107;A10014;Kitchen 4;512;512;40;0;12.8;512;100;6.56;KW36.xlsx;2015
108;A10020;Local 0;729;729;91;0;8.01;729;100;9.34;KW36.xlsx;2015
109;A10030;Market;18;18;2;0.75;24.13;18;100;0.23;KW36.xlsx;2015
110;A10040;Garden;439.5;439.5;54;18.95;23.2;439.5;100;5.63;KW36.xlsx;2015
111;A10063;Frucht 1.00;3;3;3;0;1;3;100;0.04;KW36.xlsx;2015
112;A10071;Quark;5.1;5.1;3;0;1.7;5.1;100;0.07;KW36.xlsx;2015
113;A10072;Schichtjoghurt;3;3;1;0;3;3;100;0.04;KW36.xlsx;2015
114;A10073;Saisonfrüchte geschnitten;3.5;3.5;1;0;3.5;3.5;100;0.04;KW36.xlsx;2015
115;A10101;Ragusa-Gipfel ;5.3;5.3;2;0;2.65;5.3;100;0.07;KW36.xlsx;2015
116;A10104;Schoggi-Gipfel ;2.9;2.9;1;0;2.9;2.9;100;0.04;KW36.xlsx;2015
117;A10110;Sonnenblumenbrötli;5.5;5.5;3;0;1.83;5.5;100;0.07;KW36.xlsx;2015
118;A10124;Kirschenstange;2.4;2.4;1;0;2.4;2.4;100;0.03;KW36.xlsx;2015
119;A10136;Muffin;9;9;3;0;3;9;100;0.12;KW36.xlsx;2015
120;A10148;Fruchttörtli;13.5;13.5;5;0;2.7;13.5;100;0.17;KW36.xlsx;2015
121;A10200;Birchermüesli Classic;20.2;20.2;6;0;3.37;20.2;100;0.26;KW36.xlsx;2015
122;A10400;Sandwich klein;41.5;41.5;10;0;4.15;41.5;100;0.53;KW36.xlsx;2015
123;A10401;Sandwich Mittel;10;10;2;0;5;10;100;0.13;KW36.xlsx;2015
124;A10403;Bagel 1;17;17;3;0;5.67;17;100;0.22;KW36.xlsx;2015
125;A10405;Sandwich;59.5;59.5;13;0;4.58;59.5;100;0.76;KW36.xlsx;2015
132;A10000;Küche;121.6;121.6;22;0;5.53;121.6;100;1.07;KW37.xlsx;2015
133;A10001;Favorite;4'040.00;4'040.00;524;0;7.71;4'040.00;100;35.65;KW37.xlsx;2015
134;A10002;Green;2'391.00;2'391.00;310;0;7.71;2'391.00;100;21.1;KW37.xlsx;2015
135;A10005;Menu Suppe;1.5;1.5;1;0;1.5;1.5;100;0.01;KW37.xlsx;2015
136;A10006;Menu Salat;276;276;180;0;1.53;276;100;2.44;KW37.xlsx;2015
137;A10007;Senf Mayo Ketschup;0.5;0.5;1;0;0.5;0.5;100;0;KW37.xlsx;2015
138;A10012;Kitchen 2;483;483;45;0;10.73;483;100;4.26;KW37.xlsx;2015
139;A10013;Kitchen 3;1'028.00;1'028.00;87;0;11.82;1'028.00;100;9.07;KW37.xlsx;2015
140;A10014;Kitchen 4;342;342;27;0;12.67;342;100;3.02;KW37.xlsx;2015
141;A10020;Local 0;1'550.00;1'550.00;204;0;7.6;1'550.00;100;13.68;KW37.xlsx;2015
142;A10030;Market;39.4;39.4;5;1.71;23.01;39.4;100;0.35;KW37.xlsx;2015
143;A10040;Garden;530.4;530.4;72;23.02;23.04;530.4;100;4.68;KW37.xlsx;2015
144;A10063;Frucht 1.00;4;4;4;0;1;4;100;0.04;KW37.xlsx;2015
145;A10071;Quark;1.7;1.7;1;0;1.7;1.7;100;0.02;KW37.xlsx;2015
146;A10072;Schichtjoghurt;12;12;4;0;3;12;100;0.11;KW37.xlsx;2015
147;A10073;Saisonfrüchte geschnitten;25;25;7;0;3.57;25;100;0.22;KW37.xlsx;2015
148;A10100;Gipfel;1.3;1.3;1;0;1.3;1.3;100;0.01;KW37.xlsx;2015
149;A10101;Ragusa-Gipfel ;10.6;10.6;4;0;2.65;10.6;100;0.09;KW37.xlsx;2015
150;A10108;Laugenbrezel mit Butter;2.2;2.2;1;0;2.2;2.2;100;0.02;KW37.xlsx;2015
151;A10112;Maisbrötli;1.7;1.7;1;0;1.7;1.7;100;0.02;KW37.xlsx;2015
152;A10116;Semmel ;5.8;5.8;4;0;1.45;5.8;100;0.05;KW37.xlsx;2015
153;A10117;Nuss-Semmel ;3.4;3.4;2;0;1.7;3.4;100;0.03;KW37.xlsx;2015
154;A10119;Studentenschnitte ;2.4;2.4;1;0;2.4;2.4;100;0.02;KW37.xlsx;2015
155;A10121;Mandelschnecke ;9.6;9.6;4;0;2.4;9.6;100;0.08;KW37.xlsx;2015
156;A10122;Nussbrille;2.5;2.5;1;0;2.5;2.5;100;0.02;KW37.xlsx;2015
157;A10123;Russenzöpfli;7.2;7.2;3;0;2.4;7.2;100;0.06;KW37.xlsx;2015
158;A10124;Kirschenstange;7.7;7.7;3;0;2.57;7.7;100;0.07;KW37.xlsx;2015
159;A10126;Apfel im Schlafrock;4.8;4.8;2;0;2.4;4.8;100;0.04;KW37.xlsx;2015
160;A10130;Vanillekreuz;2.4;2.4;1;0;2.4;2.4;100;0.02;KW37.xlsx;2015
161;A10131;Vanille/Apfelstange;7.2;7.2;3;0;2.4;7.2;100;0.06;KW37.xlsx;2015
162;A10136;Muffin;2.5;2.5;1;0;2.5;2.5;100;0.02;KW37.xlsx;2015
163;A10144;Trockengebäck 100g verpackt;4.4;4.4;2;0;2.2;4.4;100;0.04;KW37.xlsx;2015
165;A10000;Küche;496.8;496.8;66;0;7.53;496.8;100;4.17;KW38.xlsx;2015
166;A10001;Favorite;3'902.00;3'902.00;494;0;7.9;3'902.00;100;32.76;KW38.xlsx;2015
167;A10002;Green;2'597.00;2'597.00;341;0;7.62;2'597.00;100;21.8;KW38.xlsx;2015
168;A100039;Portion Pommes;5.5;5.5;1;0;5.5;5.5;100;0.05;KW38.xlsx;2015
169;A10006;Menu Salat;298;298;190;0;1.57;298;100;2.5;KW38.xlsx;2015
170;A10007;Senf Mayo Ketschup;0.5;0.5;1;0;0.5;0.5;100;0;KW38.xlsx;2015
171;A10011;Kitchen 1;396;396;41;0;9.66;396;100;3.32;KW38.xlsx;2015
172;A10013;Kitchen 3;489;489;42;0;11.64;489;100;4.11;KW38.xlsx;2015
173;A10014;Kitchen 4;660;660;50;0;13.2;660;100;5.54;KW38.xlsx;2015
174;A10020;Local 0;1'910.00;1'910.00;253;0;7.55;1'910.00;100;16.04;KW38.xlsx;2015
175;A10030;Market;282.2;282.2;38;12.1;23.32;282.2;100;2.37;KW38.xlsx;2015
176;A10040;Garden;265.6;265.6;35;11.49;23.11;265.6;100;2.23;KW38.xlsx;2015
177;A10063;Frucht 1.00;7;7;7;0;1;7;100;0.06;KW38.xlsx;2015
178;A10071;Quark;1.7;1.7;1;0;1.7;1.7;100;0.01;KW38.xlsx;2015
179;A10072;Schichtjoghurt;9;9;3;0;3;9;100;0.08;KW38.xlsx;2015
180;A10101;Ragusa-Gipfel ;4.8;4.8;2;0;2.4;4.8;100;0.04;KW38.xlsx;2015
181;A10112;Maisbrötli;1.7;1.7;1;0;1.7;1.7;100;0.01;KW38.xlsx;2015
182;A10114;Fitnessbrötli ;1.9;1.9;1;0;1.9;1.9;100;0.02;KW38.xlsx;2015
183;A10116;Semmel ;8.8;8.8;6;0;1.47;8.8;100;0.07;KW38.xlsx;2015
184;A10120;Mandelbrezel ;2.4;2.4;1;0;2.4;2.4;100;0.02;KW38.xlsx;2015
185;A10121;Mandelschnecke ;2.4;2.4;1;0;2.4;2.4;100;0.02;KW38.xlsx;2015
186;A10122;Nussbrille;2.9;2.9;1;0;2.9;2.9;100;0.02;KW38.xlsx;2015
187;A10126;Apfel im Schlafrock;2.9;2.9;1;0;2.9;2.9;100;0.02;KW38.xlsx;2015
188;A10131;Vanille/Apfelstange;7.2;7.2;3;0;2.4;7.2;100;0.06;KW38.xlsx;2015
189;A10136;Muffin;8.5;8.5;3;0;2.83;8.5;100;0.07;KW38.xlsx;2015
190;A10144;Trockengebäck 100g verpackt;2.2;2.2;1;0;2.2;2.2;100;0.02;KW38.xlsx;2015
191;A10148;Fruchttörtli;50.5;50.5;20;0;2.53;50.5;100;0.42;KW38.xlsx;2015
192;A10200;Birchermüesli Classic;84.7;84.7;26;0;3.26;84.7;100;0.71;KW38.xlsx;2015
193;A10410;Sandwich Milano;89.5;89.5;22;0;4.07;89.5;100;0.75;KW38.xlsx;2015
194;A10411;Sandwich Power Ham;4;4;1;0;4;4;100;0.03;KW38.xlsx;2015
195;A10413;Sandwich Start Your Day;100.5;100.5;22;0;4.57;100.5;100;0.84;KW38.xlsx;2015
196;A10414;Sandwich Ham & Cheese;44;44;8;0;5.5;44;100;0.37;KW38.xlsx;2015
198;A10000;Küche;194.3;194.3;39;0;4.98;194.3;100;1.6;KW39.xlsx;2015
199;A10001;Favorite;4'616.00;4'616.00;588;0;7.85;4'616.00;100;38.01;KW39.xlsx;2015
200;A10002;Green;2'796.00;2'796.00;366;0;7.64;2'796.00;100;23.02;KW39.xlsx;2015
201;A100039;Portion Pommes;5.5;5.5;1;0;5.5;5.5;100;0.05;KW39.xlsx;2015
202;A10004;Brot Stück;0.3;0.3;1;0;0.3;0.3;100;0;KW39.xlsx;2015
203;A10005;Menu Suppe;1.5;1.5;1;0;1.5;1.5;100;0.01;KW39.xlsx;2015
204;A10006;Menu Salat;290.5;290.5;189;0;1.54;290.5;100;2.39;KW39.xlsx;2015
205;A10007;Senf Mayo Ketschup;0.5;0.5;1;0;0.5;0.5;100;0;KW39.xlsx;2015
206;A10010;Kitchen 0;8;8;1;0;8;8;100;0.07;KW39.xlsx;2015
207;A10011;Kitchen 1;663;663;68;0;9.75;663;100;5.46;KW39.xlsx;2015
208;A10013;Kitchen 3;467;467;39;0;11.97;467;100;3.85;KW39.xlsx;2015
209;A10014;Kitchen 4;751;751;59;0;12.73;751;100;6.18;KW39.xlsx;2015
210;A10020;Local 0;1'463.00;1'463.00;186;0;7.87;1'463.00;100;12.05;KW39.xlsx;2015
211;A10021;Local 1;11;11;1;0;11;11;100;0.09;KW39.xlsx;2015
212;A10023;Local 3;12;12;1;0;12;12;100;0.1;KW39.xlsx;2015
213;A10030;Market;219.1;219.1;32;9.43;23.24;219.1;100;1.8;KW39.xlsx;2015
214;A10040;Garden;167.2;167.2;27;7.22;23.17;167.2;100;1.38;KW39.xlsx;2015
215;A10060;Frucht -.70;0.7;0.7;1;0;0.7;0.7;100;0.01;KW39.xlsx;2015
216;A10063;Frucht 1.00;14;14;14;0;1;14;100;0.12;KW39.xlsx;2015
217;A10070;Yogurt 150g;4.8;4.8;3;0;1.6;4.8;100;0.04;KW39.xlsx;2015
218;A10072;Schichtjoghurt;6;6;2;0;3;6;100;0.05;KW39.xlsx;2015
219;A10073;Saisonfrüchte geschnitten;7;7;2;0;3.5;7;100;0.06;KW39.xlsx;2015
220;A10100;Gipfel;7.8;7.8;6;0;1.3;7.8;100;0.06;KW39.xlsx;2015
221;A10101;Ragusa-Gipfel ;7.2;7.2;3;0;2.4;7.2;100;0.06;KW39.xlsx;2015
222;A10105;Schinkengipfel ;2.5;2.5;1;0;2.5;2.5;100;0.02;KW39.xlsx;2015
223;A10108;Laugenbrezel mit Butter;4.6;4.6;2;0;2.3;4.6;100;0.04;KW39.xlsx;2015
224;A10110;Sonnenblumenbrötli;1.7;1.7;1;0;1.7;1.7;100;0.01;KW39.xlsx;2015
225;A10112;Maisbrötli;1.7;1.7;1;0;1.7;1.7;100;0.01;KW39.xlsx;2015
226;A10113;Mandelbrötli ;8.5;8.5;5;0;1.7;8.5;100;0.07;KW39.xlsx;2015
227;A10116;Semmel ;1.6;1.6;1;0;1.6;1.6;100;0.01;KW39.xlsx;2015
228;A10117;Nuss-Semmel ;5.1;5.1;3;0;1.7;5.1;100;0.04;KW39.xlsx;2015
229;A10122;Nussbrille;2.5;2.5;1;0;2.5;2.5;100;0.02;KW39.xlsx;2015
231;A10000;Küche;2'391.50;2'391.50;82;0;29.16;2'391.50;100;17.3;KW40.xlsx;2015
232;A10001;Favorite;3'724.00;3'724.00;476;0;7.82;3'724.00;100;26.95;KW40.xlsx;2015
233;A10002;Green;2'221.00;2'221.00;289;0;7.69;2'221.00;100;16.07;KW40.xlsx;2015
234;A10006;Menu Salat;200;200;128;0;1.56;200;100;1.45;KW40.xlsx;2015
235;A10007;Senf Mayo Ketschup;8;8;16;0;0.5;8;100;0.06;KW40.xlsx;2015
236;A10011;Kitchen 1;250;250;26;0;9.62;250;100;1.81;KW40.xlsx;2015
237;A10012;Kitchen 2;269;269;25;0;10.76;269;100;1.95;KW40.xlsx;2015
238;A10013;Kitchen 3;696;696;59;0;11.8;696;100;5.04;KW40.xlsx;2015
239;A10020;Local 0;1'710.00;1'710.00;223;0;7.67;1'710.00;100;12.37;KW40.xlsx;2015
240;A10023;Local 3;165;165;14;0;11.79;165;100;1.19;KW40.xlsx;2015
241;A10030;Market;102.8;102.8;15;4.47;23;102.8;100;0.74;KW40.xlsx;2015
242;A10040;Garden;284.2;284.2;40;12.34;23.03;284.2;100;2.06;KW40.xlsx;2015
243;A10060;Frucht -.70;2.8;2.8;4;0;0.7;2.8;100;0.02;KW40.xlsx;2015
244;A10062;Frucht -.90;0.9;0.9;1;0;0.9;0.9;100;0.01;KW40.xlsx;2015
245;A10063;Frucht 1.00;53;53;53;0;1;53;100;0.38;KW40.xlsx;2015
246;A10071;Quark;1.7;1.7;1;0;1.7;1.7;100;0.01;KW40.xlsx;2015
247;A10072;Schichtjoghurt;9;9;3;0;3;9;100;0.07;KW40.xlsx;2015
248;A10073;Saisonfrüchte geschnitten;11;11;3;0;3.67;11;100;0.08;KW40.xlsx;2015
249;A10100;Gipfel;23.4;23.4;18;0;1.3;23.4;100;0.17;KW40.xlsx;2015
250;A10101;Ragusa-Gipfel ;2.4;2.4;1;0;2.4;2.4;100;0.02;KW40.xlsx;2015
251;A10103;Vanille-Gipfel;2.4;2.4;1;0;2.4;2.4;100;0.02;KW40.xlsx;2015
252;A10104;Schoggi-Gipfel ;2.4;2.4;1;0;2.4;2.4;100;0.02;KW40.xlsx;2015
253;A10108;Laugenbrezel mit Butter;2.2;2.2;1;0;2.2;2.2;100;0.02;KW40.xlsx;2015
254;A10112;Maisbrötli;10.2;10.2;6;0;1.7;10.2;100;0.07;KW40.xlsx;2015
255;A10114;Fitnessbrötli ;5.1;5.1;3;0;1.7;5.1;100;0.04;KW40.xlsx;2015
256;A10116;Semmel ;7;7;5;0;1.4;7;100;0.05;KW40.xlsx;2015
257;A10117;Nuss-Semmel ;1.7;1.7;1;0;1.7;1.7;100;0.01;KW40.xlsx;2015
258;A10122;Nussbrille;7.3;7.3;3;0;2.43;7.3;100;0.05;KW40.xlsx;2015
259;A10123;Russenzöpfli;2.4;2.4;1;0;2.4;2.4;100;0.02;KW40.xlsx;2015
260;A10124;Kirschenstange;2.4;2.4;1;0;2.4;2.4;100;0.02;KW40.xlsx;2015
261;A10126;Apfel im Schlafrock;4.8;4.8;2;0;2.4;4.8;100;0.03;KW40.xlsx;2015
262;A10130;Vanillekreuz;7.2;7.2;3;0;2.4;7.2;100;0.05;KW40.xlsx;2015
264;A10000;Küche;1'458.30;1'458.30;13;0;112.18;1'458.30;100;13.3;KW41.xlsx;2015
265;A10001;Favorite;3'343.00;3'343.00;440;0;7.6;3'343.00;100;30.49;KW41.xlsx;2015
266;A10002;Green;2'035.00;2'035.00;269;0;7.57;2'035.00;100;18.56;KW41.xlsx;2015
267;A10006;Menu Salat;266.5;266.5;173;0;1.54;266.5;100;2.43;KW41.xlsx;2015
268;A10007;Senf Mayo Ketschup;1.5;1.5;3;0;0.5;1.5;100;0.01;KW41.xlsx;2015
269;A10012;Kitchen 2;692;692;64;0;10.81;692;100;6.31;KW41.xlsx;2015
270;A10014;Kitchen 4;1'248.00;1'248.00;97;0;12.87;1'248.00;100;11.38;KW41.xlsx;2015
271;A10020;Local 0;1'299.00;1'299.00;170;0;7.64;1'299.00;100;11.85;KW41.xlsx;2015
272;A10030;Market;105.8;105.8;15;4.6;23.01;105.8;100;0.96;KW41.xlsx;2015
273;A10040;Garden;191.6;191.6;29;8.29;23.1;191.6;100;1.75;KW41.xlsx;2015
274;A10060;Frucht -.70;0.7;0.7;1;0;0.7;0.7;100;0.01;KW41.xlsx;2015
275;A10063;Frucht 1.00;4;4;4;0;1;4;100;0.04;KW41.xlsx;2015
276;A10072;Schichtjoghurt;9;9;3;0;3;9;100;0.08;KW41.xlsx;2015
277;A10073;Saisonfrüchte geschnitten;10.5;10.5;3;0;3.5;10.5;100;0.1;KW41.xlsx;2015
278;A10100;Gipfel;1.5;1.5;1;0;1.5;1.5;100;0.01;KW41.xlsx;2015
279;A10101;Ragusa-Gipfel ;4.8;4.8;2;0;2.4;4.8;100;0.04;KW41.xlsx;2015
280;A10103;Vanille-Gipfel;2.4;2.4;1;0;2.4;2.4;100;0.02;KW41.xlsx;2015
281;A10110;Sonnenblumenbrötli;1.7;1.7;1;0;1.7;1.7;100;0.02;KW41.xlsx;2015
282;A10113;Mandelbrötli ;1.7;1.7;1;0;1.7;1.7;100;0.02;KW41.xlsx;2015
283;A10121;Mandelschnecke ;9.6;9.6;4;0;2.4;9.6;100;0.09;KW41.xlsx;2015
284;A10122;Nussbrille;2.4;2.4;1;0;2.4;2.4;100;0.02;KW41.xlsx;2015
285;A10123;Russenzöpfli;2.9;2.9;1;0;2.9;2.9;100;0.03;KW41.xlsx;2015
286;A10126;Apfel im Schlafrock;7.2;7.2;3;0;2.4;7.2;100;0.07;KW41.xlsx;2015
287;A10130;Vanillekreuz;5.3;5.3;2;0;2.65;5.3;100;0.05;KW41.xlsx;2015
288;A10135;Wähe;27.8;27.8;7;0;3.97;27.8;100;0.25;KW41.xlsx;2015
289;A10136;Muffin;2.5;2.5;1;0;2.5;2.5;100;0.02;KW41.xlsx;2015
290;A10144;Trockengebäck 100g verpackt;4.4;4.4;2;0;2.2;4.4;100;0.04;KW41.xlsx;2015
291;A10148;Fruchttörtli;20.2;20.2;8;0;2.53;20.2;100;0.18;KW41.xlsx;2015
292;A10162;Bienenstich;2.4;2.4;1;0;2.4;2.4;100;0.02;KW41.xlsx;2015
293;A10200;Birchermüesli Classic;29.3;29.3;9;0;3.26;29.3;100;0.27;KW41.xlsx;2015
294;A10410;Sandwich Milano;16.5;16.5;4;0;4.13;16.5;100;0.15;KW41.xlsx;2015
295;A10413;Sandwich Start Your Day;31.5;31.5;7;0;4.5;31.5;100;0.29;KW41.xlsx;2015
297;A10000;Küche;22;22;2;0;11;22;100;0.24;KW42.xlsx;2015
298;A10001;Favorite;2'881.00;2'881.00;377;0;7.64;2'881.00;100;31.68;KW42.xlsx;2015
299;A10002;Green;2'329.00;2'329.00;308;0;7.56;2'329.00;100;25.61;KW42.xlsx;2015
300;A10006;Menu Salat;234.5;234.5;155;0;1.51;234.5;100;2.58;KW42.xlsx;2015
301;A10007;Senf Mayo Ketschup;2.5;2.5;5;0;0.5;2.5;100;0.03;KW42.xlsx;2015
302;A10011;Kitchen 1;135;135;14;0;9.64;135;100;1.48;KW42.xlsx;2015
303;A10012;Kitchen 2;212;212;20;0;10.6;212;100;2.33;KW42.xlsx;2015
304;A10013;Kitchen 3;338;338;28;0;12.07;338;100;3.72;KW42.xlsx;2015
305;A10014;Kitchen 4;571;571;44;0;12.98;571;100;6.28;KW42.xlsx;2015
306;A10020;Local 0;1'550.00;1'550.00;207;0;7.49;1'550.00;100;17.04;KW42.xlsx;2015
307;A10021;Local 1;19;19;2;0;9.5;19;100;0.21;KW42.xlsx;2015
308;A10030;Market;46;46;8;1.99;23.07;46;100;0.51;KW42.xlsx;2015
309;A10040;Garden;298.5;298.5;43;12.93;23.08;298.5;100;3.28;KW42.xlsx;2015
310;A10060;Frucht -.70;1.4;1.4;2;0;0.7;1.4;100;0.02;KW42.xlsx;2015
311;A10061;Frucht -.80;0.8;0.8;1;0;0.8;0.8;100;0.01;KW42.xlsx;2015
312;A10063;Frucht 1.00;5;5;5;0;1;5;100;0.05;KW42.xlsx;2015
313;A100700;Yogi;1.6;1.6;1;0;1.6;1.6;100;0.02;KW42.xlsx;2015
314;A10072;Schichtjoghurt;9;9;3;0;3;9;100;0.1;KW42.xlsx;2015
315;A10073;Saisonfrüchte geschnitten;7;7;2;0;3.5;7;100;0.08;KW42.xlsx;2015
316;A10074;Milchreis;2.3;2.3;1;0;2.3;2.3;100;0.03;KW42.xlsx;2015
317;A10101;Ragusa-Gipfel ;12.5;12.5;5;0;2.5;12.5;100;0.14;KW42.xlsx;2015
318;A10103;Vanille-Gipfel;2.4;2.4;1;0;2.4;2.4;100;0.03;KW42.xlsx;2015
319;A10104;Schoggi-Gipfel ;4.8;4.8;2;0;2.4;4.8;100;0.05;KW42.xlsx;2015
320;A10108;Laugenbrezel mit Butter;2.4;2.4;1;0;2.4;2.4;100;0.03;KW42.xlsx;2015
321;A10110;Sonnenblumenbrötli;1.7;1.7;1;0;1.7;1.7;100;0.02;KW42.xlsx;2015
322;A10111;Schoggi Fair;2.2;2.2;1;0;2.2;2.2;100;0.02;KW42.xlsx;2015
323;A10112;Maisbrötli;3.4;3.4;2;0;1.7;3.4;100;0.04;KW42.xlsx;2015
324;A10116;Semmel ;1.4;1.4;1;0;1.4;1.4;100;0.02;KW42.xlsx;2015
325;A10119;Studentenschnitte ;2.4;2.4;1;0;2.4;2.4;100;0.03;KW42.xlsx;2015
326;A10121;Mandelschnecke ;9.6;9.6;4;0;2.4;9.6;100;0.11;KW42.xlsx;2015
327;A10122;Nussbrille;4.8;4.8;2;0;2.4;4.8;100;0.05;KW42.xlsx;2015
328;A10123;Russenzöpfli;4.8;4.8;2;0;2.4;4.8;100;0.05;KW42.xlsx;2015
330;A10000;Küche;146.8;146.8;20;0;7.34;146.8;100;1.75;KW43.xlsx;2015
331;A10001;Favorite;2'969.00;2'969.00;390;0;7.61;2'969.00;100;35.37;KW43.xlsx;2015
332;A10002;Green;1'934.00;1'934.00;254;0;7.61;1'934.00;100;23.04;KW43.xlsx;2015
333;A100039;Portion Pommes;5.5;5.5;1;0;5.5;5.5;100;0.07;KW43.xlsx;2015
334;A10004;Brot Stück;1.2;1.2;4;0;0.3;1.2;100;0.01;KW43.xlsx;2015
335;A10005;Menu Suppe;22.5;22.5;15;0;1.5;22.5;100;0.27;KW43.xlsx;2015
336;A10006;Menu Salat;268;268;176;0;1.52;268;100;3.19;KW43.xlsx;2015
337;A10007;Senf Mayo Ketschup;8;8;16;0;0.5;8;100;0.1;KW43.xlsx;2015
338;A10011;Kitchen 1;59;59;6;0;9.83;59;100;0.7;KW43.xlsx;2015
339;A10012;Kitchen 2;539;539;50;0;10.78;539;100;6.42;KW43.xlsx;2015
340;A10013;Kitchen 3;189;189;16;0;11.81;189;100;2.25;KW43.xlsx;2015
341;A10020;Local 0;1'557.00;1'557.00;204;0;7.63;1'557.00;100;18.55;KW43.xlsx;2015
342;A10030;Market;125;125;16;5.4;23.13;125;100;1.49;KW43.xlsx;2015
343;A10040;Garden;255.1;255.1;33;11.02;23.15;255.1;100;3.04;KW43.xlsx;2015
344;A10063;Frucht 1.00;7;7;7;0;1;7;100;0.08;KW43.xlsx;2015
345;A100700;Yogi;3.2;3.2;2;0;1.6;3.2;100;0.04;KW43.xlsx;2015
346;A10072;Schichtjoghurt;6;6;2;0;3;6;100;0.07;KW43.xlsx;2015
347;A10073;Saisonfrüchte geschnitten;10.5;10.5;3;0;3.5;10.5;100;0.13;KW43.xlsx;2015
348;A10074;Milchreis;2.3;2.3;1;0;2.3;2.3;100;0.03;KW43.xlsx;2015
349;A10100;Gipfel;2.6;2.6;2;0;1.3;2.6;100;0.03;KW43.xlsx;2015
350;A10101;Ragusa-Gipfel ;7.2;7.2;3;0;2.4;7.2;100;0.09;KW43.xlsx;2015
351;A10104;Schoggi-Gipfel ;4.8;4.8;2;0;2.4;4.8;100;0.06;KW43.xlsx;2015
352;A10108;Laugenbrezel mit Butter;4.4;4.4;2;0;2.2;4.4;100;0.05;KW43.xlsx;2015
353;A10110;Sonnenblumenbrötli;1.7;1.7;1;0;1.7;1.7;100;0.02;KW43.xlsx;2015
354;A10112;Maisbrötli;1.7;1.7;1;0;1.7;1.7;100;0.02;KW43.xlsx;2015
355;A10114;Fitnessbrötli ;3.4;3.4;2;0;1.7;3.4;100;0.04;KW43.xlsx;2015
356;A10121;Mandelschnecke ;13;13;5;0;2.6;13;100;0.15;KW43.xlsx;2015
357;A10124;Kirschenstange;7.7;7.7;3;0;2.57;7.7;100;0.09;KW43.xlsx;2015
358;A10126;Apfel im Schlafrock;5.3;5.3;2;0;2.65;5.3;100;0.06;KW43.xlsx;2015
359;A10128;Aprikosenjalousie;2.4;2.4;1;0;2.4;2.4;100;0.03;KW43.xlsx;2015
360;A10129;Aprikosen-Bögli;2.4;2.4;1;0;2.4;2.4;100;0.03;KW43.xlsx;2015
361;A10135;Wähe;7.8;7.8;2;0;3.9;7.8;100;0.09;KW43.xlsx;2015
363;A10000;Küche;901.2;901.2;61;0;14.77;901.2;100;7.14;KW44.xlsx;2015
364;A10001;Favorite;4'139.00;4'139.00;544;0;7.61;4'139.00;100;32.78;KW44.xlsx;2015
365;A10002;Green;2'430.00;2'430.00;322;0;7.55;2'430.00;100;19.25;KW44.xlsx;2015
366;A100039;Portion Pommes;44;44;8;0;5.5;44;100;0.35;KW44.xlsx;2015
367;A10004;Brot Stück;0.3;0.3;1;0;0.3;0.3;100;0;KW44.xlsx;2015
368;A10005;Menu Suppe;37.5;37.5;25;0;1.5;37.5;100;0.3;KW44.xlsx;2015
369;A10006;Menu Salat;272.5;272.5;179;0;1.52;272.5;100;2.16;KW44.xlsx;2015
370;A10007;Senf Mayo Ketschup;9;9;18;0;0.5;9;100;0.07;KW44.xlsx;2015
371;A10011;Kitchen 1;222;222;23;0;9.65;222;100;1.76;KW44.xlsx;2015
372;A10012;Kitchen 2;141;141;13;0;10.85;141;100;1.12;KW44.xlsx;2015
373;A10013;Kitchen 3;1'112.00;1'112.00;93;0;11.96;1'112.00;100;8.81;KW44.xlsx;2015
374;A10014;Kitchen 4;1'134.00;1'134.00;90;0;12.6;1'134.00;100;8.98;KW44.xlsx;2015
375;A10020;Local 0;899;899;120;0;7.49;899;100;7.12;KW44.xlsx;2015
376;A10030;Market;159.5;159.5;24;6.85;23.27;159.5;100;1.26;KW44.xlsx;2015
377;A10040;Garden;249.4;249.4;37;10.8;23.08;249.4;100;1.98;KW44.xlsx;2015
378;A10061;Frucht -.80;1.6;1.6;2;0;0.8;1.6;100;0.01;KW44.xlsx;2015
379;A10063;Frucht 1.00;17;17;17;0;1;17;100;0.13;KW44.xlsx;2015
380;A100700;Yogi;1.6;1.6;1;0;1.6;1.6;100;0.01;KW44.xlsx;2015
381;A10072;Schichtjoghurt;3;3;1;0;3;3;100;0.02;KW44.xlsx;2015
382;A10100;Gipfel;7.8;7.8;6;0;1.3;7.8;100;0.06;KW44.xlsx;2015
383;A10101;Ragusa-Gipfel ;5.3;5.3;2;0;2.65;5.3;100;0.04;KW44.xlsx;2015
384;A10102;Mandelgipfel ;2.4;2.4;1;0;2.4;2.4;100;0.02;KW44.xlsx;2015
385;A10103;Vanille-Gipfel;4.8;4.8;2;0;2.4;4.8;100;0.04;KW44.xlsx;2015
386;A10110;Sonnenblumenbrötli;5.1;5.1;3;0;1.7;5.1;100;0.04;KW44.xlsx;2015
387;A10111;Schoggi Fair;2.2;2.2;1;0;2.2;2.2;100;0.02;KW44.xlsx;2015
388;A10112;Maisbrötli;10.2;10.2;6;0;1.7;10.2;100;0.08;KW44.xlsx;2015
389;A10119;Studentenschnitte ;12;12;5;0;2.4;12;100;0.1;KW44.xlsx;2015
390;A10121;Mandelschnecke ;2.4;2.4;1;0;2.4;2.4;100;0.02;KW44.xlsx;2015
391;A10122;Nussbrille;2.4;2.4;1;0;2.4;2.4;100;0.02;KW44.xlsx;2015
392;A10123;Russenzöpfli;2.4;2.4;1;0;2.4;2.4;100;0.02;KW44.xlsx;2015
393;A10124;Kirschenstange;2.4;2.4;1;0;2.4;2.4;100;0.02;KW44.xlsx;2015
394;A10126;Apfel im Schlafrock;4.8;4.8;2;0;2.4;4.8;100;0.04;KW44.xlsx;2015
396;A10000;Küche;103;103;15;0;6.87;103;100;1;KW45.xlsx;2015
397;A10001;Favorite;3'110.00;3'110.00;404;0;7.7;3'110.00;100;30.16;KW45.xlsx;2015
398;A10002;Green;2'600.00;2'600.00;345;0;7.54;2'600.00;100;25.21;KW45.xlsx;2015
399;A10004;Brot Stück;0.3;0.3;1;0;0.3;0.3;100;0;KW45.xlsx;2015
400;A10005;Menu Suppe;37.5;37.5;25;0;1.5;37.5;100;0.36;KW45.xlsx;2015
401;A10006;Menu Salat;316;316;206;0;1.53;316;100;3.06;KW45.xlsx;2015
402;A10007;Senf Mayo Ketschup;3.5;3.5;7;0;0.5;3.5;100;0.03;KW45.xlsx;2015
403;A10011;Kitchen 1;683;683;70;0;9.76;683;100;6.62;KW45.xlsx;2015
404;A10013;Kitchen 3;382;382;32;0;11.94;382;100;3.7;KW45.xlsx;2015
405;A10014;Kitchen 4;519;519;41;0;12.66;519;100;5.03;KW45.xlsx;2015
406;A10020;Local 0;1'596.00;1'596.00;212;0;7.53;1'596.00;100;15.48;KW45.xlsx;2015
407;A10030;Market;248.3;248.3;35;10.75;23.1;248.3;100;2.41;KW45.xlsx;2015
408;A10040;Garden;257.2;257.2;34;11.01;23.36;257.2;100;2.49;KW45.xlsx;2015
409;A10061;Frucht -.80;2.4;2.4;3;0;0.8;2.4;100;0.02;KW45.xlsx;2015
410;A10063;Frucht 1.00;5;5;5;0;1;5;100;0.05;KW45.xlsx;2015
411;A10070;Yogurt 150g;2.1;2.1;1;0;2.1;2.1;100;0.02;KW45.xlsx;2015
412;A100700;Yogi;1.6;1.6;1;0;1.6;1.6;100;0.02;KW45.xlsx;2015
413;A10072;Schichtjoghurt;9;9;3;0;3;9;100;0.09;KW45.xlsx;2015
414;A10073;Saisonfrüchte geschnitten;14;14;4;0;3.5;14;100;0.14;KW45.xlsx;2015
415;A10074;Milchreis;2.3;2.3;1;0;2.3;2.3;100;0.02;KW45.xlsx;2015
416;A10100;Gipfel;1.3;1.3;1;0;1.3;1.3;100;0.01;KW45.xlsx;2015
417;A10101;Ragusa-Gipfel ;19.7;19.7;8;0;2.46;19.7;100;0.19;KW45.xlsx;2015
418;A10103;Vanille-Gipfel;4.8;4.8;2;0;2.4;4.8;100;0.05;KW45.xlsx;2015
419;A10111;Schoggi Fair;2.2;2.2;1;0;2.2;2.2;100;0.02;KW45.xlsx;2015
420;A10114;Fitnessbrötli ;1.7;1.7;1;0;1.7;1.7;100;0.02;KW45.xlsx;2015
421;A10119;Studentenschnitte ;2.9;2.9;1;0;2.9;2.9;100;0.03;KW45.xlsx;2015
422;A10121;Mandelschnecke ;5.3;5.3;2;0;2.65;5.3;100;0.05;KW45.xlsx;2015
423;A10122;Nussbrille;2.4;2.4;1;0;2.4;2.4;100;0.02;KW45.xlsx;2015
424;A10123;Russenzöpfli;2.4;2.4;1;0;2.4;2.4;100;0.02;KW45.xlsx;2015
425;A10126;Apfel im Schlafrock;2.4;2.4;1;0;2.4;2.4;100;0.02;KW45.xlsx;2015
426;A10127;Aprikosenplunder;2.4;2.4;1;0;2.4;2.4;100;0.02;KW45.xlsx;2015
427;A10128;Aprikosenjalousie;2.4;2.4;1;0;2.4;2.4;100;0.02;KW45.xlsx;2015
429;A10000;Küche;132.9;132.9;37;0;3.59;132.9;100;1.17;KW46.xlsx;2015
430;A10001;Favorite;4'342.00;4'342.00;555;0;7.82;4'342.00;100;38.08;KW46.xlsx;2015
431;A10002;Green;2'740.00;2'740.00;354;0;7.74;2'740.00;100;24.03;KW46.xlsx;2015
432;A10003;nur Fleisch Favorite;6;6;1;0;6;6;100;0.05;KW46.xlsx;2015
433;A100039;Portion Pommes;13;13;2;0;6.5;13;100;0.11;KW46.xlsx;2015
434;A10004;Brot Stück;0.6;0.6;2;0;0.3;0.6;100;0.01;KW46.xlsx;2015
435;A10005;Menu Suppe;54;54;36;0;1.5;54;100;0.47;KW46.xlsx;2015
436;A10006;Menu Salat;324;324;200;0;1.62;324;100;2.84;KW46.xlsx;2015
437;A10007;Senf Mayo Ketschup;1.5;1.5;3;0;0.5;1.5;100;0.01;KW46.xlsx;2015
438;A10011;Kitchen 1;311;311;31;0;10.03;311;100;2.73;KW46.xlsx;2015
439;A10012;Kitchen 2;598;598;55;0;10.87;598;100;5.24;KW46.xlsx;2015
440;A10013;Kitchen 3;340;340;29;0;11.72;340;100;2.98;KW46.xlsx;2015
441;A10014;Kitchen 4;612;612;47;0;13.02;612;100;5.37;KW46.xlsx;2015
442;A10020;Local 0;1'114.00;1'114.00;145;0;7.68;1'114.00;100;9.77;KW46.xlsx;2015
443;A10030;Market;217.8;217.8;29;9.38;23.23;217.8;100;1.91;KW46.xlsx;2015
444;A10040;Garden;216;216;32;9.34;23.12;216;100;1.89;KW46.xlsx;2015
445;A10061;Frucht -.80;3.2;3.2;4;0;0.8;3.2;100;0.03;KW46.xlsx;2015
446;A10063;Frucht 1.00;8;8;8;0;1;8;100;0.07;KW46.xlsx;2015
447;A100700;Yogi;1.6;1.6;1;0;1.6;1.6;100;0.01;KW46.xlsx;2015
448;A10073;Saisonfrüchte geschnitten;14;14;4;0;3.5;14;100;0.12;KW46.xlsx;2015
449;A10101;Ragusa-Gipfel ;2.4;2.4;1;0;2.4;2.4;100;0.02;KW46.xlsx;2015
450;A10103;Vanille-Gipfel;2.4;2.4;1;0;2.4;2.4;100;0.02;KW46.xlsx;2015
451;A10108;Laugenbrezel mit Butter;13.4;13.4;6;0;2.23;13.4;100;0.12;KW46.xlsx;2015
452;A10112;Maisbrötli;1.7;1.7;1;0;1.7;1.7;100;0.01;KW46.xlsx;2015
453;A10114;Fitnessbrötli ;3.4;3.4;2;0;1.7;3.4;100;0.03;KW46.xlsx;2015
454;A10119;Studentenschnitte ;2.4;2.4;1;0;2.4;2.4;100;0.02;KW46.xlsx;2015
455;A10120;Mandelbrezel ;7.7;7.7;3;0;2.57;7.7;100;0.07;KW46.xlsx;2015
456;A10121;Mandelschnecke ;4.8;4.8;2;0;2.4;4.8;100;0.04;KW46.xlsx;2015
457;A10122;Nussbrille;2.4;2.4;1;0;2.4;2.4;100;0.02;KW46.xlsx;2015
458;A10124;Kirschenstange;5.3;5.3;2;0;2.65;5.3;100;0.05;KW46.xlsx;2015
459;A10125;Nussstange;2.4;2.4;1;0;2.4;2.4;100;0.02;KW46.xlsx;2015
460;A10127;Aprikosenplunder;2.9;2.9;1;0;2.9;2.9;100;0.03;KW46.xlsx;2015
462;A10000;Küche;40.3;40.3;8;0;5.04;40.3;100;0.36;KW47.xlsx;2015
463;A10001;Favorite;3'458.00;3'458.00;445;0;7.77;3'458.00;100;31.19;KW47.xlsx;2015
464;A10002;Green;2'667.00;2'667.00;355;0;7.51;2'667.00;100;24.06;KW47.xlsx;2015
465;A10005;Menu Suppe;31.5;31.5;21;0;1.5;31.5;100;0.28;KW47.xlsx;2015
466;A10006;Menu Salat;237;237;154;0;1.54;237;100;2.14;KW47.xlsx;2015
467;A10007;Senf Mayo Ketschup;1;1;2;0;0.5;1;100;0.01;KW47.xlsx;2015
468;A10008;Gemüseportion;4.5;4.5;3;0;1.5;4.5;100;0.04;KW47.xlsx;2015
469;A10012;Kitchen 2;195;195;18;0;10.83;195;100;1.76;KW47.xlsx;2015
470;A10013;Kitchen 3;784;784;65;0;12.06;784;100;7.07;KW47.xlsx;2015
471;A10014;Kitchen 4;1'181.00;1'181.00;92;0;12.84;1'181.00;100;10.65;KW47.xlsx;2015
472;A10020;Local 0;1'701.00;1'701.00;223;0;7.63;1'701.00;100;15.34;KW47.xlsx;2015
473;A10024;Local 4;12;12;1;0;12;12;100;0.11;KW47.xlsx;2015
474;A10030;Market;208.6;208.6;30;9.05;23.05;208.6;100;1.88;KW47.xlsx;2015
475;A10040;Garden;142.6;142.6;21;6.17;23.12;142.6;100;1.29;KW47.xlsx;2015
476;A10060;Frucht -.70;1.4;1.4;2;0;0.7;1.4;100;0.01;KW47.xlsx;2015
477;A10061;Frucht -.80;0.8;0.8;1;0;0.8;0.8;100;0.01;KW47.xlsx;2015
478;A10063;Frucht 1.00;5;5;5;0;1;5;100;0.05;KW47.xlsx;2015
479;A100700;Yogi;1.6;1.6;1;0;1.6;1.6;100;0.01;KW47.xlsx;2015
480;A10072;Schichtjoghurt;3;3;1;0;3;3;100;0.03;KW47.xlsx;2015
481;A10073;Saisonfrüchte geschnitten;17.5;17.5;5;0;3.5;17.5;100;0.16;KW47.xlsx;2015
482;A10101;Ragusa-Gipfel ;4.8;4.8;2;0;2.4;4.8;100;0.04;KW47.xlsx;2015
483;A10103;Vanille-Gipfel;2.4;2.4;1;0;2.4;2.4;100;0.02;KW47.xlsx;2015
484;A10104;Schoggi-Gipfel ;2.4;2.4;1;0;2.4;2.4;100;0.02;KW47.xlsx;2015
485;A10108;Laugenbrezel mit Butter;6.6;6.6;3;0;2.2;6.6;100;0.06;KW47.xlsx;2015
486;A10112;Maisbrötli;3.4;3.4;2;0;1.7;3.4;100;0.03;KW47.xlsx;2015
487;A10116;Semmel ;1.4;1.4;1;0;1.4;1.4;100;0.01;KW47.xlsx;2015
488;A10119;Studentenschnitte ;10.1;10.1;4;0;2.53;10.1;100;0.09;KW47.xlsx;2015
489;A10120;Mandelbrezel ;7.2;7.2;3;0;2.4;7.2;100;0.06;KW47.xlsx;2015
490;A10121;Mandelschnecke ;2.4;2.4;1;0;2.4;2.4;100;0.02;KW47.xlsx;2015
491;A10122;Nussbrille;2.4;2.4;1;0;2.4;2.4;100;0.02;KW47.xlsx;2015
492;A10123;Russenzöpfli;4.8;4.8;2;0;2.4;4.8;100;0.04;KW47.xlsx;2015
493;A10124;Kirschenstange;4.8;4.8;2;0;2.4;4.8;100;0.04;KW47.xlsx;2015
495;A10000;Küche;77.3;77.3;20;0;3.87;77.3;100;0.7;KW48.xlsx;2015
496;A10001;Favorite;4'392.00;4'392.00;564;0;7.79;4'392.00;100;39.73;KW48.xlsx;2015
497;A10002;Green;2'348.00;2'348.00;310;0;7.57;2'348.00;100;21.24;KW48.xlsx;2015
498;A10004;Brot Stück;0.3;0.3;1;0;0.3;0.3;100;0;KW48.xlsx;2015
499;A10005;Menu Suppe;37;37;24;0;1.54;37;100;0.33;KW48.xlsx;2015
500;A10006;Menu Salat;267;267;170;0;1.57;267;100;2.42;KW48.xlsx;2015
501;A10007;Senf Mayo Ketschup;2.5;2.5;5;0;0.5;2.5;100;0.02;KW48.xlsx;2015
502;A10011;Kitchen 1;555;555;58;0;9.57;555;100;5.02;KW48.xlsx;2015
503;A10012;Kitchen 2;367;367;34;0;10.79;367;100;3.32;KW48.xlsx;2015
504;A10013;Kitchen 3;469;469;39;0;12.03;469;100;4.24;KW48.xlsx;2015
505;A10020;Local 0;1'652.00;1'652.00;215;0;7.68;1'652.00;100;14.95;KW48.xlsx;2015
506;A10030;Market;334.2;334.2;43;14.43;23.16;334.2;100;3.02;KW48.xlsx;2015
507;A10040;Garden;114.2;114.2;14;4.97;23;114.2;100;1.03;KW48.xlsx;2015
508;A10061;Frucht -.80;2.4;2.4;3;0;0.8;2.4;100;0.02;KW48.xlsx;2015
509;A10063;Frucht 1.00;8;8;8;0;1;8;100;0.07;KW48.xlsx;2015
510;A100700;Yogi;1.6;1.6;1;0;1.6;1.6;100;0.01;KW48.xlsx;2015
511;A10072;Schichtjoghurt;3;3;1;0;3;3;100;0.03;KW48.xlsx;2015
512;A10073;Saisonfrüchte geschnitten;24.5;24.5;7;0;3.5;24.5;100;0.22;KW48.xlsx;2015
513;A10074;Milchreis;4.6;4.6;2;0;2.3;4.6;100;0.04;KW48.xlsx;2015
514;A10101;Ragusa-Gipfel ;9.6;9.6;4;0;2.4;9.6;100;0.09;KW48.xlsx;2015
515;A10103;Vanille-Gipfel;2.9;2.9;1;0;2.9;2.9;100;0.03;KW48.xlsx;2015
516;A10108;Laugenbrezel mit Butter;11;11;5;0;2.2;11;100;0.1;KW48.xlsx;2015
517;A10110;Sonnenblumenbrötli;1.7;1.7;1;0;1.7;1.7;100;0.02;KW48.xlsx;2015
518;A10112;Maisbrötli;5.1;5.1;3;0;1.7;5.1;100;0.05;KW48.xlsx;2015
519;A10114;Fitnessbrötli ;1.7;1.7;1;0;1.7;1.7;100;0.02;KW48.xlsx;2015
520;A10119;Studentenschnitte ;9.6;9.6;4;0;2.4;9.6;100;0.09;KW48.xlsx;2015
521;A10120;Mandelbrezel ;2.4;2.4;1;0;2.4;2.4;100;0.02;KW48.xlsx;2015
522;A10121;Mandelschnecke ;2.4;2.4;1;0;2.4;2.4;100;0.02;KW48.xlsx;2015
523;A10122;Nussbrille;4.8;4.8;2;0;2.4;4.8;100;0.04;KW48.xlsx;2015
524;A10123;Russenzöpfli;2.4;2.4;1;0;2.4;2.4;100;0.02;KW48.xlsx;2015
525;A10124;Kirschenstange;2.4;2.4;1;0;2.4;2.4;100;0.02;KW48.xlsx;2015
526;A10126;Apfel im Schlafrock;2.4;2.4;1;0;2.4;2.4;100;0.02;KW48.xlsx;2015
528;A10000;Küche;1'021.90;1'021.90;42;0;24.33;1'021.90;100;8.49;KW49.xlsx;2015
529;A10001;Favorite;3'895.00;3'895.00;499;0;7.81;3'895.00;100;32.36;KW49.xlsx;2015
530;A10002;Green;2'390.00;2'390.00;318;0;7.52;2'390.00;100;19.86;KW49.xlsx;2015
531;A100039;Portion Pommes;5.5;5.5;1;0;5.5;5.5;100;0.05;KW49.xlsx;2015
532;A10005;Menu Suppe;34.5;34.5;23;0;1.5;34.5;100;0.29;KW49.xlsx;2015
533;A10006;Menu Salat;260.5;260.5;165;0;1.58;260.5;100;2.16;KW49.xlsx;2015
534;A10007;Senf Mayo Ketschup;1.5;1.5;3;0;0.5;1.5;100;0.01;KW49.xlsx;2015
535;A10008;Gemüseportion;3;3;2;0;1.5;3;100;0.02;KW49.xlsx;2015
536;A10011;Kitchen 1;367;367;38;0;9.66;367;100;3.05;KW49.xlsx;2015
537;A10012;Kitchen 2;418;418;38;0;11;418;100;3.47;KW49.xlsx;2015
538;A10013;Kitchen 3;318;318;26;0;12.23;318;100;2.64;KW49.xlsx;2015
539;A10014;Kitchen 4;478;478;37;0;12.92;478;100;3.97;KW49.xlsx;2015
540;A10020;Local 0;1'737.00;1'737.00;226;0;7.69;1'737.00;100;14.43;KW49.xlsx;2015
541;A10030;Market;238.9;238.9;31;10.34;23.1;238.9;100;1.98;KW49.xlsx;2015
542;A10040;Garden;167.6;167.6;25;7.28;23.02;167.6;100;1.39;KW49.xlsx;2015
543;A10063;Frucht 1.00;142;142;142;0;1;142;100;1.18;KW49.xlsx;2015
544;A100700;Yogi;1.8;1.8;1;0;1.8;1.8;100;0.01;KW49.xlsx;2015
545;A10072;Schichtjoghurt;6;6;2;0;3;6;100;0.05;KW49.xlsx;2015
546;A10073;Saisonfrüchte geschnitten;14;14;4;0;3.5;14;100;0.12;KW49.xlsx;2015
547;A10100;Gipfel;7.8;7.8;6;0;1.3;7.8;100;0.06;KW49.xlsx;2015
548;A10101;Ragusa-Gipfel ;16.8;16.8;7;0;2.4;16.8;100;0.14;KW49.xlsx;2015
549;A10103;Vanille-Gipfel;4.8;4.8;2;0;2.4;4.8;100;0.04;KW49.xlsx;2015
550;A10108;Laugenbrezel mit Butter;11;11;5;0;2.2;11;100;0.09;KW49.xlsx;2015
551;A10114;Fitnessbrötli ;1.7;1.7;1;0;1.7;1.7;100;0.01;KW49.xlsx;2015
552;A10116;Semmel ;8.4;8.4;6;0;1.4;8.4;100;0.07;KW49.xlsx;2015
553;A10119;Studentenschnitte ;2.4;2.4;1;0;2.4;2.4;100;0.02;KW49.xlsx;2015
554;A10120;Mandelbrezel ;2.4;2.4;1;0;2.4;2.4;100;0.02;KW49.xlsx;2015
555;A10123;Russenzöpfli;7.2;7.2;3;0;2.4;7.2;100;0.06;KW49.xlsx;2015
556;A10126;Apfel im Schlafrock;5.8;5.8;2;0;2.9;5.8;100;0.05;KW49.xlsx;2015
557;A10128;Aprikosenjalousie;2.4;2.4;1;0;2.4;2.4;100;0.02;KW49.xlsx;2015
558;A10130;Vanillekreuz;8.2;8.2;3;0;2.73;8.2;100;0.07;KW49.xlsx;2015
559;A10135;Wähe;23.9;23.9;6;0;3.98;23.9;100;0.2;KW49.xlsx;2015
561;A10000;Küche;42.3;42.3;9;0;4.7;42.3;100;0.4;KW50.xlsx;2015
562;A10001;Favorite;3'777.00;3'777.00;485;0;7.79;3'777.00;100;35.66;KW50.xlsx;2015
563;A10002;Green;2'740.00;2'740.00;362;0;7.57;2'740.00;100;25.87;KW50.xlsx;2015
564;A100039;Portion Pommes;11;11;2;0;5.5;11;100;0.1;KW50.xlsx;2015
565;A10005;Menu Suppe;43.5;43.5;29;0;1.5;43.5;100;0.41;KW50.xlsx;2015
566;A10006;Menu Salat;211.5;211.5;131;0;1.61;211.5;100;2;KW50.xlsx;2015
567;A10007;Senf Mayo Ketschup;9.5;9.5;19;0;0.5;9.5;100;0.09;KW50.xlsx;2015
568;A10008;Gemüseportion;1.5;1.5;1;0;1.5;1.5;100;0.01;KW50.xlsx;2015
569;A10011;Kitchen 1;103;103;11;0;9.36;103;100;0.97;KW50.xlsx;2015
570;A10013;Kitchen 3;542;542;46;0;11.78;542;100;5.12;KW50.xlsx;2015
571;A10014;Kitchen 4;907;907;69;0;13.14;907;100;8.56;KW50.xlsx;2015
572;A10020;Local 0;1'462.00;1'462.00;189;0;7.74;1'462.00;100;13.8;KW50.xlsx;2015
573;A10030;Market;235.6;235.6;34;10.13;23.27;235.6;100;2.22;KW50.xlsx;2015
574;A10040;Garden;84;84;13;3.66;22.96;84;100;0.79;KW50.xlsx;2015
575;A10063;Frucht 1.00;8;8;8;0;1;8;100;0.08;KW50.xlsx;2015
576;A100700;Yogi;1.6;1.6;1;0;1.6;1.6;100;0.02;KW50.xlsx;2015
577;A10072;Schichtjoghurt;9;9;3;0;3;9;100;0.08;KW50.xlsx;2015
578;A10073;Saisonfrüchte geschnitten;18;18;5;0;3.6;18;100;0.17;KW50.xlsx;2015
579;A10100;Gipfel;1.3;1.3;1;0;1.3;1.3;100;0.01;KW50.xlsx;2015
580;A10101;Ragusa-Gipfel ;8.2;8.2;3;0;2.73;8.2;100;0.08;KW50.xlsx;2015
581;A10103;Vanille-Gipfel;10.1;10.1;4;0;2.53;10.1;100;0.1;KW50.xlsx;2015
582;A10108;Laugenbrezel mit Butter;13.4;13.4;6;0;2.23;13.4;100;0.13;KW50.xlsx;2015
583;A10112;Maisbrötli;1.7;1.7;1;0;1.7;1.7;100;0.02;KW50.xlsx;2015
584;A10114;Fitnessbrötli ;1.7;1.7;1;0;1.7;1.7;100;0.02;KW50.xlsx;2015
585;A10119;Studentenschnitte ;7.2;7.2;3;0;2.4;7.2;100;0.07;KW50.xlsx;2015
586;A10121;Mandelschnecke ;2.4;2.4;1;0;2.4;2.4;100;0.02;KW50.xlsx;2015
587;A10124;Kirschenstange;5.3;5.3;2;0;2.65;5.3;100;0.05;KW50.xlsx;2015
588;A10126;Apfel im Schlafrock;5.3;5.3;2;0;2.65;5.3;100;0.05;KW50.xlsx;2015
589;A10128;Aprikosenjalousie;5.3;5.3;2;0;2.65;5.3;100;0.05;KW50.xlsx;2015
590;A10130;Vanillekreuz;2.4;2.4;1;0;2.4;2.4;100;0.02;KW50.xlsx;2015
591;A10135;Wähe;19.5;19.5;5;0;3.9;19.5;100;0.18;KW50.xlsx;2015
592;A10136;Muffin;5;5;2;0;2.5;5;100;0.05;KW50.xlsx;2015
594;A10000;Küche;442.2;442.2;42;0;10.53;442.2;100;3.99;KW51.xlsx;2015
595;A10001;Favorite;3'392.00;3'392.00;434;0;7.82;3'392.00;100;30.57;KW51.xlsx;2015
596;A10002;Green;2'286.00;2'286.00;302;0;7.57;2'286.00;100;20.6;KW51.xlsx;2015
597;A100039;Portion Pommes;5.5;5.5;1;0;5.5;5.5;100;0.05;KW51.xlsx;2015
598;A10005;Menu Suppe;32.5;32.5;21;0;1.55;32.5;100;0.29;KW51.xlsx;2015
599;A10006;Menu Salat;158;158;98;0;1.61;158;100;1.42;KW51.xlsx;2015
600;A10007;Senf Mayo Ketschup;2.5;2.5;5;0;0.5;2.5;100;0.02;KW51.xlsx;2015
601;A10011;Kitchen 1;132;132;14;0;9.43;132;100;1.19;KW51.xlsx;2015
602;A10012;Kitchen 2;467;467;43;0;10.86;467;100;4.21;KW51.xlsx;2015
603;A10013;Kitchen 3;180;180;15;0;12;180;100;1.62;KW51.xlsx;2015
604;A10014;Kitchen 4;806;806;63;0;12.79;806;100;7.26;KW51.xlsx;2015
605;A10020;Local 0;1'374.00;1'374.00;178;0;7.72;1'374.00;100;12.38;KW51.xlsx;2015
606;A10030;Market;88.9;88.9;13;3.86;23.03;88.9;100;0.8;KW51.xlsx;2015
607;A10040;Garden;318.8;318.8;48;13.8;23.09;318.8;100;2.87;KW51.xlsx;2015
608;A10061;Frucht -.80;2.4;2.4;3;0;0.8;2.4;100;0.02;KW51.xlsx;2015
609;A10063;Frucht 1.00;20;20;20;0;1;20;100;0.18;KW51.xlsx;2015
610;A10065;Frucht 1.30;1.3;1.3;1;0;1.3;1.3;100;0.01;KW51.xlsx;2015
611;A10072;Schichtjoghurt;9;9;3;0;3;9;100;0.08;KW51.xlsx;2015
612;A10073;Saisonfrüchte geschnitten;21.5;21.5;6;0;3.58;21.5;100;0.19;KW51.xlsx;2015
613;A10074;Milchreis;2.3;2.3;1;0;2.3;2.3;100;0.02;KW51.xlsx;2015
614;A10100;Gipfel;6.5;6.5;5;0;1.3;6.5;100;0.06;KW51.xlsx;2015
615;A10101;Ragusa-Gipfel ;5.3;5.3;2;0;2.65;5.3;100;0.05;KW51.xlsx;2015
616;A10108;Laugenbrezel mit Butter;11;11;5;0;2.2;11;100;0.1;KW51.xlsx;2015
617;A10111;Schoggi Fair;4.4;4.4;2;0;2.2;4.4;100;0.04;KW51.xlsx;2015
618;A10112;Maisbrötli;44.2;44.2;26;0;1.7;44.2;100;0.4;KW51.xlsx;2015
619;A10114;Fitnessbrötli ;12.1;12.1;7;0;1.73;12.1;100;0.11;KW51.xlsx;2015
620;A10116;Semmel ;4.2;4.2;3;0;1.4;4.2;100;0.04;KW51.xlsx;2015
621;A10118;Brownie ;50.4;50.4;21;0;2.4;50.4;100;0.45;KW51.xlsx;2015
622;A10119;Studentenschnitte ;4.8;4.8;2;0;2.4;4.8;100;0.04;KW51.xlsx;2015
623;A10121;Mandelschnecke ;7.2;7.2;3;0;2.4;7.2;100;0.06;KW51.xlsx;2015
624;A10122;Nussbrille;2.4;2.4;1;0;2.4;2.4;100;0.02;KW51.xlsx;2015
625;A10123;Russenzöpfli;2.4;2.4;1;0;2.4;2.4;100;0.02;KW51.xlsx;2015
627;A10000;Küche;27;27;6;0;4.5;27;100;1.49;KW52.xlsx;2015
628;A10001;Favorite;900;900;114;0;7.89;900;100;49.65;KW52.xlsx;2015
629;A10002;Green;785;785;100;0;7.85;785;100;43.3;KW52.xlsx;2015
630;A10006;Menu Salat;54;54;36;0;1.5;54;100;2.98;KW52.xlsx;2015
631;A10040;Garden;8.8;8.8;2;0.38;22.92;8.8;100;0.49;KW52.xlsx;2015
632;A10063;Frucht 1.00;1;1;1;0;1;1;100;0.06;KW52.xlsx;2015
633;A10144;Trockengebäck 100g verpackt;22;22;10;0;2.2;22;100;1.21;KW52.xlsx;2015
634;A10412;Sandwich Gruyere;4;4;1;0;4;4;100;0.22;KW52.xlsx;2015
635;A10415;Sandwich Turkey;5.5;5.5;1;0;5.5;5.5;100;0.3;KW52.xlsx;2015
636;A10435;FB Sandwich Emmental;5.5;5.5;1;0;5.5;5.5;100;0.3;KW52.xlsx;2015
