Artikel,name,Bruttobetrag,Nettobetrag,Verkaufte Stücke,Gewicht verkauft,Durchschnittlicher Preis,Rabattierter Betrag,Durchschnittlicher Rabatt,Referenzbetrag,Ref %,Tot %Umsatz,source,year
A10000,Küche,11.2,11.2,4,NA,2.8,0,0,11.2,100,1.12,01.09.csv,2015
A10001,Favorite,479,479,58,NA,8.26,0,0,479,100,47.78,01.09.csv,2015
A10002,Green,216,216,28,NA,7.71,0,0,216,100,21.54,01.09.csv,2015
A100030,nur Fleisch Kitchen,8,8,1,NA,8,0,0,8,100,0.8,01.09.csv,2015
A10006,Menu Salat,6,6,4,NA,1.5,0,0,6,100,0.6,01.09.csv,2015
A10013,Kitchen 3,131,131,11,NA,11.91,0,0,131,100,13.07,01.09.csv,2015
A10021,Local 1,112,112,10,NA,11.2,0,0,112,100,11.17,01.09.csv,2015
A10040,Garden,36.4,36.4,5,1.584,22.98,0,0,36.4,100,3.63,01.09.csv,2015
A104021,Fleischkäse / Semmeli,3,3,1,NA,3,0,0,3,100,0.3,01.09.csv,2015
Total Gruppe,NA,1002.6,1002.6,122,1.584,8.22,0,0,1002.6,NA,100,01.09.csv,2015
A10000,Küche,6,6,1,NA,6,0,0,6,100,0.89,02.09.csv,2015
A10001,Favorite,407,407,53,NA,7.68,0,0,407,100,60.37,02.09.csv,2015
A10002,Green,127,127,17,NA,7.47,0,0,127,100,18.84,02.09.csv,2015
A10006,Menu Salat,1.5,1.5,1,NA,1.5,0,0,1.5,100,0.22,02.09.csv,2015
A10020,Local 0,87,87,11,NA,7.91,0,0,87,100,12.9,02.09.csv,2015
A10040,Garden,31.8,31.8,5,1.384,22.98,0,0,31.8,100,4.72,02.09.csv,2015
A10063,Frucht 1.00,1,1,1,NA,1,0,0,1,100,0.15,02.09.csv,2015
A10073,Saisonfrüchte geschnitten,3.5,3.5,1,NA,3.5,0,0,3.5,100,0.52,02.09.csv,2015
A10114,Fitnessbrötli ,1.7,1.7,1,NA,1.7,0,0,1.7,100,0.25,02.09.csv,2015
A10200,Birchermüesli Classic,3.2,3.2,1,NA,3.2,0,0,3.2,100,0.47,02.09.csv,2015
A10405,Sandwich,4.5,4.5,1,NA,4.5,0,0,4.5,100,0.67,02.09.csv,2015
Total Gruppe,NA,674.2,674.2,93,1.384,7.25,0,0,674.2,NA,100,02.09.csv,2015
A10001,Favorite,332,332,43,NA,7.72,0,0,332,100,37.56,03.09.csv,2015
A10002,Green,202,202,26,NA,7.77,0,0,202,100,22.85,03.09.csv,2015
A10006,Menu Salat,39,39,26,NA,1.5,0,0,39,100,4.41,03.09.csv,2015
A10011,Kitchen 1,117,117,12,NA,9.75,0,0,117,100,13.24,03.09.csv,2015
A10020,Local 0,60,60,8,NA,7.5,0,0,60,100,6.79,03.09.csv,2015
A10021,Local 1,20,20,2,NA,10,0,0,20,100,2.26,03.09.csv,2015
A10040,Garden,54.6,54.6,9,2.37,23.04,0,0,54.6,100,6.18,03.09.csv,2015
A10072,Schichtjoghurt,3,3,1,NA,3,0,0,3,100,0.34,03.09.csv,2015
A10102,Mandelgipfel ,19.2,19.2,8,NA,2.4,0,0,19.2,100,2.17,03.09.csv,2015
A10136,Muffin,27.5,27.5,11,NA,2.5,0,0,27.5,100,3.11,03.09.csv,2015
A10200,Birchermüesli Classic,9.6,9.6,3,NA,3.2,0,0,9.6,100,1.09,03.09.csv,2015
Total Gruppe,NA,883.9,883.9,149,2.37,5.93,0,0,883.9,NA,100,03.09.csv,2015
A10001,Favorite,181,181,24,NA,7.54,0,0,181,100,23.39,04.09.csv,2015
A10002,Green,173,173,22,NA,7.86,0,0,173,100,22.36,04.09.csv,2015
A10006,Menu Salat,10.5,10.5,7,NA,1.5,0,0,10.5,100,1.36,04.09.csv,2015
A10014,Kitchen 4,320,320,25,NA,12.8,0,0,320,100,41.35,04.09.csv,2015
A10020,Local 0,59,59,8,NA,7.38,0,0,59,100,7.62,04.09.csv,2015
A10040,Garden,17.1,17.1,4,0.744,22.98,0,0,17.1,100,2.21,04.09.csv,2015
A10071,Quark,1.7,1.7,1,NA,1.7,0,0,1.7,100,0.22,04.09.csv,2015
A10073,Saisonfrüchte geschnitten,3.5,3.5,1,NA,3.5,0,0,3.5,100,0.45,04.09.csv,2015
A10101,Ragusa-Gipfel ,2.4,2.4,1,NA,2.4,0,0,2.4,100,0.31,04.09.csv,2015
A10147,Pariser Gipfel,1.6,1.6,1,NA,1.6,0,0,1.6,100,0.21,04.09.csv,2015
A10400,Sandwich klein,4,4,1,NA,4,0,0,4,100,0.52,04.09.csv,2015
Total Gruppe,NA,773.8,773.8,95,0.744,8.15,0,0,773.8,NA,100,04.09.csv,2015
A10000,Küche,2.3,2.3,1,NA,2.3,0,0,2.3,100,0.14,07.09.csv,2015
A10001,Favorite,442,442,60,NA,7.37,0,0,442,100,26.8,07.09.csv,2015
A10002,Green,482,482,67,NA,7.19,0,0,482,100,29.22,07.09.csv,2015
A10006,Menu Salat,42,42,28,NA,1.5,0,0,42,100,2.55,07.09.csv,2015
A10007,Senf Mayo Ketschup,0.5,0.5,1,NA,0.5,0,0,0.5,100,0.03,07.09.csv,2015
A10013,Kitchen 3,347,347,30,NA,11.57,0,0,347,100,21.04,07.09.csv,2015
A10020,Local 0,228,228,32,NA,7.13,0,0,228,100,13.82,07.09.csv,2015
A10040,Garden,28.7,28.7,6,1.23,23.33,0,0,28.7,100,1.74,07.09.csv,2015
A10073,Saisonfrüchte geschnitten,3.5,3.5,1,NA,3.5,0,0,3.5,100,0.21,07.09.csv,2015
A10100,Gipfel,1.3,1.3,1,NA,1.3,0,0,1.3,100,0.08,07.09.csv,2015
A10116,Semmel ,1.4,1.4,1,NA,1.4,0,0,1.4,100,0.08,07.09.csv,2015
A10126,Apfel im Schlafrock,2.4,2.4,1,NA,2.4,0,0,2.4,100,0.15,07.09.csv,2015
A10135,Wähe,3.9,3.9,1,NA,3.9,0,0,3.9,100,0.24,07.09.csv,2015
A10150,Spinatstrudel,5,5,2,NA,2.5,0,0,5,100,0.3,07.09.csv,2015
A10151,Pouletstrudel,2.5,2.5,1,NA,2.5,0,0,2.5,100,0.15,07.09.csv,2015
A10200,Birchermüesli Classic,6.4,6.4,2,NA,3.2,0,0,6.4,100,0.39,07.09.csv,2015
A10201,Birchermüesli Saisonal,4.9,4.9,1,NA,4.9,0,0,4.9,100,0.3,07.09.csv,2015
A10409,Sandwich Appenzell,6.5,6.5,1,NA,6.5,0,0,6.5,100,0.39,07.09.csv,2015
A10410,Sandwich Milano,4,4,1,NA,4,0,0,4,100,0.24,07.09.csv,2015
A10413,Sandwich Start Your Day,13.5,13.5,3,NA,4.5,0,0,13.5,100,0.82,07.09.csv,2015
A10414,Sandwich Ham & Cheese,5.5,5.5,1,NA,5.5,0,0,5.5,100,0.33,07.09.csv,2015
A10416,Sandwich Ticinese,12,12,2,NA,6,0,0,12,100,0.73,07.09.csv,2015
A10418,Sandwich Gruyere Semmel,4,4,1,NA,4,0,0,4,100,0.24,07.09.csv,2015
Total Gruppe,NA,1649.3,1649.3,245,1.23,6.73,0,0,1649.3,NA,100,07.09.csv,2015
A10000,Küche,44.3,44.3,17,NA,2.61,0,0,44.3,100,2.57,08.09.csv,2015
A10001,Favorite,359,359,49,NA,7.33,0,0,359,100,20.82,08.09.csv,2015
A10002,Green,378,378,51,NA,7.41,0,0,378,100,21.92,08.09.csv,2015
A10006,Menu Salat,50.5,50.5,33,NA,1.53,0,0,50.5,100,2.93,08.09.csv,2015
A10012,Kitchen 2,479,479,47,NA,10.19,0,0,479,100,27.78,08.09.csv,2015
A10020,Local 0,345,345,45,NA,7.67,0,0,345,100,20.01,08.09.csv,2015
A10021,Local 1,9,9,1,NA,9,0,0,9,100,0.52,08.09.csv,2015
A10040,Garden,37.6,37.6,6,1.64,22.93,0,0,37.6,100,2.18,08.09.csv,2015
A10063,Frucht 1.00,1,1,1,NA,1,0,0,1,100,0.06,08.09.csv,2015
A10100,Gipfel,1.3,1.3,1,NA,1.3,0,0,1.3,100,0.08,08.09.csv,2015
A10104,Schoggi-Gipfel ,2.4,2.4,1,NA,2.4,0,0,2.4,100,0.14,08.09.csv,2015
A10122,Nussbrille,2.5,2.5,1,NA,2.5,0,0,2.5,100,0.15,08.09.csv,2015
A10135,Wähe,3.9,3.9,1,NA,3.9,0,0,3.9,100,0.23,08.09.csv,2015
A10136,Muffin,2.5,2.5,1,NA,2.5,0,0,2.5,100,0.15,08.09.csv,2015
A10147,Pariser Gipfel,1.6,1.6,1,NA,1.6,0,0,1.6,100,0.09,08.09.csv,2015
A10150,Spinatstrudel,2.5,2.5,1,NA,2.5,0,0,2.5,100,0.15,08.09.csv,2015
A10410,Sandwich Milano,4,4,1,NA,4,0,0,4,100,0.23,08.09.csv,2015
Total Gruppe,NA,1724.1,1724.1,258,1.64,6.68,0,0,1724.1,NA,100,08.09.csv,2015
A10000,Küche,6.5,6.5,8,NA,0.81,0,0,6.5,100,0.5,09.09.csv,2015
A10001,Favorite,540,540,74,NA,7.3,0,0,540,100,41.26,09.09.csv,2015
A10002,Green,154,154,21,NA,7.33,0,0,154,100,11.77,09.09.csv,2015
A100039,Portion Pommes,5.5,5.5,1,NA,5.5,0,0,5.5,100,0.42,09.09.csv,2015
A10006,Menu Salat,51,51,34,NA,1.5,0,0,51,100,3.9,09.09.csv,2015
A10014,Kitchen 4,87,87,7,NA,12.43,0,0,87,100,6.65,09.09.csv,2015
A10020,Local 0,348,348,47,NA,7.4,0,0,348,100,26.59,09.09.csv,2015
A10040,Garden,70.9,70.9,12,3.082,23,0,0,70.9,100,5.42,09.09.csv,2015
A10063,Frucht 1.00,2,2,2,NA,1,0,0,2,100,0.15,09.09.csv,2015
A10073,Saisonfrüchte geschnitten,3.5,3.5,1,NA,3.5,0,0,3.5,100,0.27,09.09.csv,2015
A10108,Laugenbrezel mit Butter,2.2,2.2,1,NA,2.2,0,0,2.2,100,0.17,09.09.csv,2015
A10135,Wähe,3.9,3.9,1,NA,3.9,0,0,3.9,100,0.3,09.09.csv,2015
A10136,Muffin,2.5,2.5,1,NA,2.5,0,0,2.5,100,0.19,09.09.csv,2015
A10144,Trockengebäck 100g verpackt,2.2,2.2,1,NA,2.2,0,0,2.2,100,0.17,09.09.csv,2015
A10150,Spinatstrudel,2.5,2.5,1,NA,2.5,0,0,2.5,100,0.19,09.09.csv,2015
A10152,Wienerli im Teig,2.5,2.5,1,NA,2.5,0,0,2.5,100,0.19,09.09.csv,2015
A10153,Calzone,3.5,3.5,1,NA,3.5,0,0,3.5,100,0.27,09.09.csv,2015
A10200,Birchermüesli Classic,3.2,3.2,1,NA,3.2,0,0,3.2,100,0.24,09.09.csv,2015
A10201,Birchermüesli Saisonal,4.9,4.9,1,NA,4.9,0,0,4.9,100,0.37,09.09.csv,2015
A10405,Sandwich,9,9,2,NA,4.5,0,0,9,100,0.69,09.09.csv,2015
A10410,Sandwich Milano,4,4,1,NA,4,0,0,4,100,0.31,09.09.csv,2015
Total Gruppe,NA,1308.8,1308.8,219,3.082,5.98,0,0,1308.8,NA,100,09.09.csv,2015
A10001,Favorite,433,433,60,NA,7.22,0,0,433,100,32.35,10.09.csv,2015
A10002,Green,268,268,37,NA,7.24,0,0,268,100,20.02,10.09.csv,2015
A10006,Menu Salat,49.5,49.5,33,NA,1.5,0,0,49.5,100,3.7,10.09.csv,2015
A10010,Kitchen 0,8,8,1,NA,8,0,0,8,100,0.6,10.09.csv,2015
A10013,Kitchen 3,250,250,22,NA,11.36,0,0,250,100,18.68,10.09.csv,2015
A10020,Local 0,259,259,35,NA,7.4,0,0,259,100,19.35,10.09.csv,2015
A10021,Local 1,10,10,1,NA,10,0,0,10,100,0.75,10.09.csv,2015
A10040,Garden,22.9,22.9,4,0.996,22.99,0,0,22.9,100,1.71,10.09.csv,2015
A10062,Frucht -.90,0.9,0.9,1,NA,0.9,0,0,0.9,100,0.07,10.09.csv,2015
A10101,Ragusa-Gipfel ,7.2,7.2,3,NA,2.4,0,0,7.2,100,0.54,10.09.csv,2015
A10112,Maisbrötli,1.7,1.7,1,NA,1.7,0,0,1.7,100,0.13,10.09.csv,2015
A10115,Kaisersemmel ,1.4,1.4,1,NA,1.4,0,0,1.4,100,0.1,10.09.csv,2015
A10136,Muffin,2.5,2.5,1,NA,2.5,0,0,2.5,100,0.19,10.09.csv,2015
A10143,Trockengebäck Lyner verpackt,2.4,2.4,1,NA,2.4,0,0,2.4,100,0.18,10.09.csv,2015
A10150,Spinatstrudel,2.5,2.5,1,NA,2.5,0,0,2.5,100,0.19,10.09.csv,2015
A10200,Birchermüesli Classic,3.2,3.2,1,NA,3.2,0,0,3.2,100,0.24,10.09.csv,2015
A10201,Birchermüesli Saisonal,9.8,9.8,2,NA,4.9,0,0,9.8,100,0.73,10.09.csv,2015
A10422,Sandwich Turkey Classic,6.5,6.5,1,NA,6.5,0,0,6.5,100,0.49,10.09.csv,2015
Total Gruppe,NA,1338.5,1338.5,206,0.996,6.5,0,0,1338.5,NA,100,10.09.csv,2015
A10001,Favorite,241,241,31,NA,7.77,0,0,241,100,32.18,11.09.csv,2015
A10002,Green,116,116,15,NA,7.73,0,0,116,100,15.49,11.09.csv,2015
A10005,Menu Suppe,4.5,4.5,3,NA,1.5,0,0,4.5,100,0.6,11.09.csv,2015
A10006,Menu Salat,39,39,26,NA,1.5,0,0,39,100,5.21,11.09.csv,2015
A10014,Kitchen 4,155,155,12,NA,12.92,0,0,155,100,20.7,11.09.csv,2015
A10020,Local 0,123,123,16,NA,7.69,0,0,123,100,16.43,11.09.csv,2015
A10040,Garden,47.5,47.5,8,2.064,23.01,0,0,47.5,100,6.34,11.09.csv,2015
A10102,Mandelgipfel ,12,12,5,NA,2.4,0,0,12,100,1.6,11.09.csv,2015
A10112,Maisbrötli,1.7,1.7,1,NA,1.7,0,0,1.7,100,0.23,11.09.csv,2015
A10115,Kaisersemmel ,1.4,1.4,1,NA,1.4,0,0,1.4,100,0.19,11.09.csv,2015
A10200,Birchermüesli Classic,3.2,3.2,1,NA,3.2,0,0,3.2,100,0.43,11.09.csv,2015
A10413,Sandwich Start Your Day,4.5,4.5,1,NA,4.5,0,0,4.5,100,0.6,11.09.csv,2015
Total Gruppe,NA,748.8,748.8,120,2.064,6.24,0,0,748.8,NA,100,11.09.csv,2015
A10000,Küche,15,15,9,NA,1.67,0,0,15,100,0.6,14.09.csv,2015
A10001,Favorite,1371,1371,190,NA,7.22,0,0,1371,100,54.71,14.09.csv,2015
A10002,Green,370,370,52,NA,7.12,0,0,370,100,14.77,14.09.csv,2015
A100039,Portion Pommes,5.5,5.5,1,NA,5.5,0,0,5.5,100,0.22,14.09.csv,2015
A10006,Menu Salat,100.5,100.5,67,NA,1.5,0,0,100.5,100,4.01,14.09.csv,2015
A10013,Kitchen 3,161,161,14,NA,11.5,0,0,161,100,6.43,14.09.csv,2015
A10020,Local 0,358,358,50,NA,7.16,0,0,358,100,14.29,14.09.csv,2015
A10040,Garden,64.8,64.8,11,2.818,23,0,0,64.8,100,2.59,14.09.csv,2015
A10063,Frucht 1.00,3,3,3,NA,1,0,0,3,100,0.12,14.09.csv,2015
A10104,Schoggi-Gipfel ,4.8,4.8,2,NA,2.4,0,0,4.8,100,0.19,14.09.csv,2015
A10105,Schinkengipfel ,2.5,2.5,1,NA,2.5,0,0,2.5,100,0.1,14.09.csv,2015
A10108,Laugenbrezel mit Butter,6.6,6.6,3,NA,2.2,0,0,6.6,100,0.26,14.09.csv,2015
A10112,Maisbrötli,1.7,1.7,1,NA,1.7,0,0,1.7,100,0.07,14.09.csv,2015
A10117,Nuss-Semmel ,1.7,1.7,1,NA,1.7,0,0,1.7,100,0.07,14.09.csv,2015
A10126,Apfel im Schlafrock,4.8,4.8,2,NA,2.4,0,0,4.8,100,0.19,14.09.csv,2015
A10135,Wähe,3.9,3.9,1,NA,3.9,0,0,3.9,100,0.16,14.09.csv,2015
A10150,Spinatstrudel,5,5,2,NA,2.5,0,0,5,100,0.2,14.09.csv,2015
A10152,Wienerli im Teig,2.5,2.5,1,NA,2.5,0,0,2.5,100,0.1,14.09.csv,2015
A10153,Calzone,3.5,3.5,1,NA,3.5,0,0,3.5,100,0.14,14.09.csv,2015
A10200,Birchermüesli Classic,16,16,5,NA,3.2,0,0,16,100,0.64,14.09.csv,2015
A10411,Sandwich Power Ham,4,4,1,NA,4,0,0,4,100,0.16,14.09.csv,2015
Total Gruppe,NA,2505.8,2505.8,418,2.818,5.99,0,0,2505.8,NA,100,14.09.csv,2015
A10000,Küche,45.4,45.4,25,NA,1.82,0,0,45.4,100,2.24,15.09.csv,2015
A10001,Favorite,861,861,118,NA,7.3,0,0,861,100,42.4,15.09.csv,2015
A10002,Green,334,334,46,NA,7.26,0,0,334,100,16.45,15.09.csv,2015
A10006,Menu Salat,67.5,67.5,45,NA,1.5,0,0,67.5,100,3.32,15.09.csv,2015
A10007,Senf Mayo Ketschup,1,1,2,NA,0.5,0,0,1,100,0.05,15.09.csv,2015
A10011,Kitchen 1,244,244,26,NA,9.38,0,0,244,100,12.02,15.09.csv,2015
A10020,Local 0,319,319,44,NA,7.25,0,0,319,100,15.71,15.09.csv,2015
A10040,Garden,63.8,63.8,10,2.718,23.47,0,0,63.8,100,3.14,15.09.csv,2015
A10064,Frucht 1.20,2.4,2.4,2,NA,1.2,0,0,2.4,100,0.12,15.09.csv,2015
A10072,Schichtjoghurt,3,3,1,NA,3,0,0,3,100,0.15,15.09.csv,2015
A10100,Gipfel,1.3,1.3,1,NA,1.3,0,0,1.3,100,0.06,15.09.csv,2015
A10101,Ragusa-Gipfel ,2.4,2.4,1,NA,2.4,0,0,2.4,100,0.12,15.09.csv,2015
A10102,Mandelgipfel ,4.8,4.8,2,NA,2.4,0,0,4.8,100,0.24,15.09.csv,2015
A10108,Laugenbrezel mit Butter,11,11,5,NA,2.2,0,0,11,100,0.54,15.09.csv,2015
A10112,Maisbrötli,1.7,1.7,1,NA,1.7,0,0,1.7,100,0.08,15.09.csv,2015
A10114,Fitnessbrötli ,1.9,1.9,1,NA,1.9,0,0,1.9,100,0.09,15.09.csv,2015
A10122,Nussbrille,2.5,2.5,1,NA,2.5,0,0,2.5,100,0.12,15.09.csv,2015
A10135,Wähe,3.9,3.9,1,NA,3.9,0,0,3.9,100,0.19,15.09.csv,2015
A10136,Muffin,2.5,2.5,1,NA,2.5,0,0,2.5,100,0.12,15.09.csv,2015
A10150,Spinatstrudel,2.5,2.5,1,NA,2.5,0,0,2.5,100,0.12,15.09.csv,2015
A10152,Wienerli im Teig,2.5,2.5,1,NA,2.5,0,0,2.5,100,0.12,15.09.csv,2015
A10153,Calzone,7,7,2,NA,3.5,0,0,7,100,0.34,15.09.csv,2015
A10200,Birchermüesli Classic,10.1,10.1,3,NA,3.37,0,0,10.1,100,0.5,15.09.csv,2015
A10413,Sandwich Start Your Day,13.5,13.5,3,NA,4.5,0,0,13.5,100,0.66,15.09.csv,2015
A10414,Sandwich Ham & Cheese,16.5,16.5,3,NA,5.5,0,0,16.5,100,0.81,15.09.csv,2015
A10415,Sandwich Turkey,5.5,5.5,1,NA,5.5,0,0,5.5,100,0.27,15.09.csv,2015
Total Gruppe,NA,2030.7,2030.7,347,2.718,5.85,0,0,2030.7,NA,100,15.09.csv,2015
A10000,Küche,19.8,19.8,12,NA,1.65,0,0,19.8,100,1.17,16.09.csv,2015
A10001,Favorite,424,424,57,NA,7.44,0,0,424,100,25.07,16.09.csv,2015
A10002,Green,233,233,32,NA,7.28,0,0,233,100,13.77,16.09.csv,2015
A10006,Menu Salat,78,78,52,NA,1.5,0,0,78,100,4.61,16.09.csv,2015
A10010,Kitchen 0,8,8,1,NA,8,0,0,8,100,0.47,16.09.csv,2015
A10013,Kitchen 3,354,354,31,NA,11.42,0,0,354,100,20.93,16.09.csv,2015
A10020,Local 0,447,447,60,NA,7.45,0,0,447,100,26.42,16.09.csv,2015
A10040,Garden,68.4,68.4,12,2.98,22.95,0,0,68.4,100,4.04,16.09.csv,2015
A10101,Ragusa-Gipfel ,2.4,2.4,1,NA,2.4,0,0,2.4,100,0.14,16.09.csv,2015
A10104,Schoggi-Gipfel ,7.2,7.2,3,NA,2.4,0,0,7.2,100,0.43,16.09.csv,2015
A10108,Laugenbrezel mit Butter,13.6,13.6,6,NA,2.27,0,0,13.6,100,0.8,16.09.csv,2015
A10118,Brownie ,2.4,2.4,1,NA,2.4,0,0,2.4,100,0.14,16.09.csv,2015
A10135,Wähe,3.9,3.9,1,NA,3.9,0,0,3.9,100,0.23,16.09.csv,2015
A10136,Muffin,2.5,2.5,1,NA,2.5,0,0,2.5,100,0.15,16.09.csv,2015
A10144,Trockengebäck 100g verpackt,4.4,4.4,2,NA,2.2,0,0,4.4,100,0.26,16.09.csv,2015
A10150,Spinatstrudel,2.5,2.5,1,NA,2.5,0,0,2.5,100,0.15,16.09.csv,2015
A10200,Birchermüesli Classic,16,16,5,NA,3.2,0,0,16,100,0.95,16.09.csv,2015
A10405,Sandwich,4.5,4.5,1,NA,4.5,0,0,4.5,100,0.27,16.09.csv,2015
Total Gruppe,NA,1691.6,1691.6,279,2.98,6.06,0,0,1691.6,NA,100,16.09.csv,2015
A10000,Küche,24.9,24.9,17,NA,1.46,0,0,24.9,100,1.2,17.09.csv,2015
A10001,Favorite,718,718,97,NA,7.4,0,0,718,100,34.66,17.09.csv,2015
A10002,Green,238,238,32,NA,7.44,0,0,238,100,11.49,17.09.csv,2015
A100039,Portion Pommes,5.5,5.5,1,NA,5.5,0,0,5.5,100,0.27,17.09.csv,2015
A10006,Menu Salat,36,36,24,NA,1.5,0,0,36,100,1.74,17.09.csv,2015
A10007,Senf Mayo Ketschup,1,1,2,NA,0.5,0,0,1,100,0.05,17.09.csv,2015
A10014,Kitchen 4,538,538,43,NA,12.51,0,0,538,100,25.97,17.09.csv,2015
A10020,Local 0,358,358,50,NA,7.16,0,0,358,100,17.28,17.09.csv,2015
A10040,Garden,46.2,46.2,8,2.006,23.03,0,0,46.2,100,2.23,17.09.csv,2015
A10103,Vanille-Gipfel,2.4,2.4,1,NA,2.4,0,0,2.4,100,0.12,17.09.csv,2015
A10104,Schoggi-Gipfel ,2.4,2.4,1,NA,2.4,0,0,2.4,100,0.12,17.09.csv,2015
A10105,Schinkengipfel ,7.5,7.5,3,NA,2.5,0,0,7.5,100,0.36,17.09.csv,2015
A10108,Laugenbrezel mit Butter,2.2,2.2,1,NA,2.2,0,0,2.2,100,0.11,17.09.csv,2015
A10114,Fitnessbrötli ,1.9,1.9,1,NA,1.9,0,0,1.9,100,0.09,17.09.csv,2015
A10120,Mandelbrezel ,2.4,2.4,1,NA,2.4,0,0,2.4,100,0.12,17.09.csv,2015
A10121,Mandelschnecke ,4.8,4.8,2,NA,2.4,0,0,4.8,100,0.23,17.09.csv,2015
A10122,Nussbrille,2.5,2.5,1,NA,2.5,0,0,2.5,100,0.12,17.09.csv,2015
A10135,Wähe,7.8,7.8,2,NA,3.9,0,0,7.8,100,0.38,17.09.csv,2015
A10144,Trockengebäck 100g verpackt,6.6,6.6,3,NA,2.2,0,0,6.6,100,0.32,17.09.csv,2015
A10150,Spinatstrudel,2.5,2.5,1,NA,2.5,0,0,2.5,100,0.12,17.09.csv,2015
A10200,Birchermüesli Classic,12.8,12.8,4,NA,3.2,0,0,12.8,100,0.62,17.09.csv,2015
A10400,Sandwich klein,8.5,8.5,2,NA,4.25,0,0,8.5,100,0.41,17.09.csv,2015
A10401,Sandwich Mittel,15,15,3,NA,5,0,0,15,100,0.72,17.09.csv,2015
A10403,Bagel 1,16.5,16.5,3,NA,5.5,0,0,16.5,100,0.8,17.09.csv,2015
A10405,Sandwich,4.5,4.5,1,NA,4.5,0,0,4.5,100,0.22,17.09.csv,2015
A10414,Sandwich Ham & Cheese,5.5,5.5,1,NA,5.5,0,0,5.5,100,0.27,17.09.csv,2015
Total Gruppe,NA,2071.4,2071.4,305,2.006,6.79,0,0,2071.4,NA,100,17.09.csv,2015
A10000,Küche,44.2,44.2,26,NA,1.7,0,0,44.2,100,2.87,18.09.csv,2015
A10001,Favorite,656,656,90,NA,7.29,0,0,656,100,42.63,18.09.csv,2015
A10002,Green,311,311,42,NA,7.4,0,0,311,100,20.21,18.09.csv,2015
A10006,Menu Salat,30,30,20,NA,1.5,0,0,30,100,1.95,18.09.csv,2015
A10011,Kitchen 1,48,48,5,NA,9.6,0,0,48,100,3.12,18.09.csv,2015
A10020,Local 0,378,378,52,NA,7.27,0,0,378,100,24.56,18.09.csv,2015
A10040,Garden,11.1,11.1,3,0.478,23.22,0,0,11.1,100,0.72,18.09.csv,2015
A10072,Schichtjoghurt,6,6,2,NA,3,0,0,6,100,0.39,18.09.csv,2015
A10073,Saisonfrüchte geschnitten,3.5,3.5,1,NA,3.5,0,0,3.5,100,0.23,18.09.csv,2015
A10102,Mandelgipfel ,4.8,4.8,2,NA,2.4,0,0,4.8,100,0.31,18.09.csv,2015
A10108,Laugenbrezel mit Butter,2.2,2.2,1,NA,2.2,0,0,2.2,100,0.14,18.09.csv,2015
A10118,Brownie ,2.4,2.4,1,NA,2.4,0,0,2.4,100,0.16,18.09.csv,2015
A10126,Apfel im Schlafrock,2.4,2.4,1,NA,2.4,0,0,2.4,100,0.16,18.09.csv,2015
A10135,Wähe,3.9,3.9,1,NA,3.9,0,0,3.9,100,0.25,18.09.csv,2015
A10136,Muffin,5,5,2,NA,2.5,0,0,5,100,0.32,18.09.csv,2015
A10200,Birchermüesli Classic,6.4,6.4,2,NA,3.2,0,0,6.4,100,0.42,18.09.csv,2015
A10400,Sandwich klein,8,8,2,NA,4,0,0,8,100,0.52,18.09.csv,2015
A10401,Sandwich Mittel,10,10,2,NA,5,0,0,10,100,0.65,18.09.csv,2015
A10404,Bagel 2,6,6,1,NA,6,0,0,6,100,0.39,18.09.csv,2015
Total Gruppe,NA,1538.9,1538.9,256,0.478,6.01,0,0,1538.9,NA,100,18.09.csv,2015
A10000,Küche,17.7,17.7,6,NA,2.95,0,0,17.7,100,0.79,21.09.csv,2015
A10001,Favorite,863,863,118,NA,7.31,0,0,863,100,38.49,21.09.csv,2015
A10002,Green,341,341,47,NA,7.26,0,0,341,100,15.21,21.09.csv,2015
A10003,nur Fleisch Favorite,6,6,1,NA,6,0,0,6,100,0.27,21.09.csv,2015
A100039,Portion Pommes,11,11,2,NA,5.5,0,0,11,100,0.49,21.09.csv,2015
A10006,Menu Salat,37.5,37.5,25,NA,1.5,0,0,37.5,100,1.67,21.09.csv,2015
A10013,Kitchen 3,379,379,33,NA,11.48,0,0,379,100,16.9,21.09.csv,2015
A10020,Local 0,430,430,59,NA,7.29,0,0,430,100,19.18,21.09.csv,2015
A10040,Garden,76.2,76.2,12,3.248,23.46,0,0,76.2,100,3.4,21.09.csv,2015
A10063,Frucht 1.00,2,2,2,NA,1,0,0,2,100,0.09,21.09.csv,2015
A10072,Schichtjoghurt,3,3,1,NA,3,0,0,3,100,0.13,21.09.csv,2015
A10100,Gipfel,1.3,1.3,1,NA,1.3,0,0,1.3,100,0.06,21.09.csv,2015
A10102,Mandelgipfel ,5.3,5.3,2,NA,2.65,0,0,5.3,100,0.24,21.09.csv,2015
A10104,Schoggi-Gipfel ,7.2,7.2,3,NA,2.4,0,0,7.2,100,0.32,21.09.csv,2015
A10105,Schinkengipfel ,2.5,2.5,1,NA,2.5,0,0,2.5,100,0.11,21.09.csv,2015
A10114,Fitnessbrötli ,1.9,1.9,1,NA,1.9,0,0,1.9,100,0.08,21.09.csv,2015
A10122,Nussbrille,2.5,2.5,1,NA,2.5,0,0,2.5,100,0.11,21.09.csv,2015
A10126,Apfel im Schlafrock,4.8,4.8,2,NA,2.4,0,0,4.8,100,0.21,21.09.csv,2015
A10135,Wähe,3.9,3.9,1,NA,3.9,0,0,3.9,100,0.17,21.09.csv,2015
A10136,Muffin,5,5,2,NA,2.5,0,0,5,100,0.22,21.09.csv,2015
A10150,Spinatstrudel,2.5,2.5,1,NA,2.5,0,0,2.5,100,0.11,21.09.csv,2015
A10153,Calzone,7,7,2,NA,3.5,0,0,7,100,0.31,21.09.csv,2015
A10200,Birchermüesli Classic,12.8,12.8,4,NA,3.2,0,0,12.8,100,0.57,21.09.csv,2015
A10401,Sandwich Mittel,10,10,2,NA,5,0,0,10,100,0.45,21.09.csv,2015
A10405,Sandwich,9,9,2,NA,4.5,0,0,9,100,0.4,21.09.csv,2015
Total Gruppe,NA,2242.1,2242.1,331,3.248,6.77,0,0,2242.1,NA,100,21.09.csv,2015
A10000,Küche,16.5,16.5,11,NA,1.5,0,0,16.5,100,0.88,22.09.csv,2015
A10001,Favorite,989,989,134,NA,7.38,0,0,989,100,52.72,22.09.csv,2015
A10002,Green,238,238,32,NA,7.44,0,0,238,100,12.69,22.09.csv,2015
A10006,Menu Salat,59.5,59.5,39,NA,1.53,0,0,59.5,100,3.17,22.09.csv,2015
A10007,Senf Mayo Ketschup,0.5,0.5,1,NA,0.5,0,0,0.5,100,0.03,22.09.csv,2015
A10014,Kitchen 4,241,241,19,NA,12.68,0,0,241,100,12.85,22.09.csv,2015
A10020,Local 0,179,179,24,NA,7.46,0,0,179,100,9.54,22.09.csv,2015
A10040,Garden,77.3,77.3,13,3.362,22.99,0,0,77.3,100,4.12,22.09.csv,2015
A10063,Frucht 1.00,2,2,2,NA,1,0,0,2,100,0.11,22.09.csv,2015
A10064,Frucht 1.20,1.2,1.2,1,NA,1.2,0,0,1.2,100,0.06,22.09.csv,2015
A10073,Saisonfrüchte geschnitten,3.5,3.5,1,NA,3.5,0,0,3.5,100,0.19,22.09.csv,2015
A10101,Ragusa-Gipfel ,2.4,2.4,1,NA,2.4,0,0,2.4,100,0.13,22.09.csv,2015
A10102,Mandelgipfel ,4.8,4.8,2,NA,2.4,0,0,4.8,100,0.26,22.09.csv,2015
A10105,Schinkengipfel ,5,5,2,NA,2.5,0,0,5,100,0.27,22.09.csv,2015
A10108,Laugenbrezel mit Butter,4.4,4.4,2,NA,2.2,0,0,4.4,100,0.23,22.09.csv,2015
A10110,Sonnenblumenbrötli,1.7,1.7,1,NA,1.7,0,0,1.7,100,0.09,22.09.csv,2015
A10112,Maisbrötli,1.7,1.7,1,NA,1.7,0,0,1.7,100,0.09,22.09.csv,2015
A10135,Wähe,3.9,3.9,1,NA,3.9,0,0,3.9,100,0.21,22.09.csv,2015
A10136,Muffin,2.5,2.5,1,NA,2.5,0,0,2.5,100,0.13,22.09.csv,2015
A10144,Trockengebäck 100g verpackt,2.2,2.2,1,NA,2.2,0,0,2.2,100,0.12,22.09.csv,2015
A10148,Fruchttörtli,2.4,2.4,1,NA,2.4,0,0,2.4,100,0.13,22.09.csv,2015
A10150,Spinatstrudel,2.5,2.5,1,NA,2.5,0,0,2.5,100,0.13,22.09.csv,2015
A10200,Birchermüesli Classic,6.4,6.4,2,NA,3.2,0,0,6.4,100,0.34,22.09.csv,2015
A10414,Sandwich Ham & Cheese,5.5,5.5,1,NA,5.5,0,0,5.5,100,0.29,22.09.csv,2015
A10415,Sandwich Turkey,16.5,16.5,3,NA,5.5,0,0,16.5,100,0.88,22.09.csv,2015
A10422,Sandwich Turkey Classic,6.5,6.5,1,NA,6.5,0,0,6.5,100,0.35,22.09.csv,2015
Total Gruppe,NA,1875.9,1875.9,298,3.362,6.29,0,0,1875.9,NA,100,22.09.csv,2015
A10000,Küche,10,10,5,NA,2,0,0,10,100,0.6,23.09.csv,2015
A10001,Favorite,536,536,72,NA,7.44,0,0,536,100,32.05,23.09.csv,2015
A10002,Green,388,388,53,NA,7.32,0,0,388,100,23.2,23.09.csv,2015
A10006,Menu Salat,37,37,24,NA,1.54,0,0,37,100,2.21,23.09.csv,2015
A10010,Kitchen 0,27,27,3,NA,9,0,0,27,100,1.61,23.09.csv,2015
A10011,Kitchen 1,321,321,34,NA,9.44,0,0,321,100,19.19,23.09.csv,2015
A10020,Local 0,251,251,32,NA,7.84,0,0,251,100,15.01,23.09.csv,2015
A10040,Garden,32,32,5,1.368,23.39,0,0,32,100,1.91,23.09.csv,2015
A10073,Saisonfrüchte geschnitten,3.5,3.5,1,NA,3.5,0,0,3.5,100,0.21,23.09.csv,2015
A10101,Ragusa-Gipfel ,9.6,9.6,4,NA,2.4,0,0,9.6,100,0.57,23.09.csv,2015
A10105,Schinkengipfel ,5,5,2,NA,2.5,0,0,5,100,0.3,23.09.csv,2015
A10126,Apfel im Schlafrock,2.4,2.4,1,NA,2.4,0,0,2.4,100,0.14,23.09.csv,2015
A10135,Wähe,7.8,7.8,2,NA,3.9,0,0,7.8,100,0.47,23.09.csv,2015
A10136,Muffin,5,5,2,NA,2.5,0,0,5,100,0.3,23.09.csv,2015
A10144,Trockengebäck 100g verpackt,2.2,2.2,1,NA,2.2,0,0,2.2,100,0.13,23.09.csv,2015
A10150,Spinatstrudel,2.5,2.5,1,NA,2.5,0,0,2.5,100,0.15,23.09.csv,2015
A10413,Sandwich Start Your Day,4.5,4.5,1,NA,4.5,0,0,4.5,100,0.27,23.09.csv,2015
A10415,Sandwich Turkey,5.5,5.5,1,NA,5.5,0,0,5.5,100,0.33,23.09.csv,2015
A10418,Sandwich Gruyere Semmel,4,4,1,NA,4,0,0,4,100,0.24,23.09.csv,2015
A10422,Sandwich Turkey Classic,13,13,2,NA,6.5,0,0,13,100,0.78,23.09.csv,2015
A10433,Bagel Sandwich Vegi Luxus,5.5,5.5,1,NA,5.5,0,0,5.5,100,0.33,23.09.csv,2015
Total Gruppe,NA,1672.5,1672.5,248,1.368,6.74,0,0,1672.5,NA,100,23.09.csv,2015
A10000,Küche,48.9,48.9,9,NA,5.43,0,0,48.9,100,2.75,24.09.csv,2015
A10001,Favorite,825,825,112,NA,7.37,0,0,825,100,46.43,24.09.csv,2015
A10002,Green,423,423,57,NA,7.42,0,0,423,100,23.81,24.09.csv,2015
A10004,Brot Stück,0.6,0.6,2,NA,0.3,0,0,0.6,100,0.03,24.09.csv,2015
A10006,Menu Salat,60,60,40,NA,1.5,0,0,60,100,3.38,24.09.csv,2015
A10010,Kitchen 0,8,8,1,NA,8,0,0,8,100,0.45,24.09.csv,2015
A10011,Kitchen 1,115,115,12,NA,9.58,0,0,115,100,6.47,24.09.csv,2015
A10020,Local 0,218,218,30,NA,7.27,0,0,218,100,12.27,24.09.csv,2015
A10040,Garden,13.9,13.9,2,0.606,22.94,0,0,13.9,100,0.78,24.09.csv,2015
A10063,Frucht 1.00,2,2,2,NA,1,0,0,2,100,0.11,24.09.csv,2015
A10110,Sonnenblumenbrötli,1.7,1.7,1,NA,1.7,0,0,1.7,100,0.1,24.09.csv,2015
A10123,Russenzöpfli,2.4,2.4,1,NA,2.4,0,0,2.4,100,0.14,24.09.csv,2015
A10130,Vanillekreuz,2.4,2.4,1,NA,2.4,0,0,2.4,100,0.14,24.09.csv,2015
A10135,Wähe,3.9,3.9,1,NA,3.9,0,0,3.9,100,0.22,24.09.csv,2015
A10161,Muffin gross,6,6,2,NA,3,0,0,6,100,0.34,24.09.csv,2015
A10200,Birchermüesli Classic,6.4,6.4,2,NA,3.2,0,0,6.4,100,0.36,24.09.csv,2015
A10401,Sandwich Mittel,35,35,7,NA,5,0,0,35,100,1.97,24.09.csv,2015
A10405,Sandwich,4.5,4.5,1,NA,4.5,0,0,4.5,100,0.25,24.09.csv,2015
Total Gruppe,NA,1776.7,1776.7,283,0.606,6.28,0,0,1776.7,NA,100,24.09.csv,2015
A10000,Küche,7,7,2,NA,3.5,0,0,7,100,0.59,25.09.csv,2015
A10001,Favorite,450,450,62,NA,7.26,0,0,450,100,38.23,25.09.csv,2015
A10002,Green,158,158,21,NA,7.52,0,0,158,100,13.42,25.09.csv,2015
A10004,Brot Stück,0.6,0.6,2,NA,0.3,0,0,0.6,100,0.05,25.09.csv,2015
A10006,Menu Salat,52.5,52.5,35,NA,1.5,0,0,52.5,100,4.46,25.09.csv,2015
A10010,Kitchen 0,8,8,1,NA,8,0,0,8,100,0.68,25.09.csv,2015
A10011,Kitchen 1,19,19,2,NA,9.5,0,0,19,100,1.61,25.09.csv,2015
A10014,Kitchen 4,287,287,23,NA,12.48,0,0,287,100,24.38,25.09.csv,2015
A10020,Local 0,155,155,21,NA,7.38,0,0,155,100,13.17,25.09.csv,2015
A10040,Garden,16.2,16.2,4,0.702,23.08,0,0,16.2,100,1.38,25.09.csv,2015
A10101,Ragusa-Gipfel ,2.4,2.4,1,NA,2.4,0,0,2.4,100,0.2,25.09.csv,2015
A10161,Muffin gross,3,3,1,NA,3,0,0,3,100,0.25,25.09.csv,2015
A10410,Sandwich Milano,4,4,1,NA,4,0,0,4,100,0.34,25.09.csv,2015
A10414,Sandwich Ham & Cheese,5.5,5.5,1,NA,5.5,0,0,5.5,100,0.47,25.09.csv,2015
A10418,Sandwich Gruyere Semmel,4,4,1,NA,4,0,0,4,100,0.34,25.09.csv,2015
A10451,Sandwich Bauette,5,5,1,NA,5,0,0,5,100,0.42,25.09.csv,2015
Total Gruppe,NA,1177.2,1177.2,179,0.702,6.58,0,0,1177.2,NA,100,25.09.csv,2015
A10000,Küche,10,10,2,NA,5,0,0,10,100,0.43,28.09.csv,2015
A10001,Favorite,739,739,101,NA,7.32,0,0,739,100,31.82,28.09.csv,2015
A10002,Green,523,523,69,NA,7.58,0,0,523,100,22.52,28.09.csv,2015
A10006,Menu Salat,37,37,24,NA,1.54,0,0,37,100,1.59,28.09.csv,2015
A10011,Kitchen 1,378,378,38,NA,9.95,0,0,378,100,16.27,28.09.csv,2015
A10013,Kitchen 3,11,11,1,NA,11,0,0,11,100,0.47,28.09.csv,2015
A10020,Local 0,485,485,67,NA,7.24,0,0,485,100,20.88,28.09.csv,2015
A10040,Garden,38.4,38.4,7,1.67,22.99,0,0,38.4,100,1.65,28.09.csv,2015
A10063,Frucht 1.00,3,3,3,NA,1,0,0,3,100,0.13,28.09.csv,2015
A10101,Ragusa-Gipfel ,9.6,9.6,4,NA,2.4,0,0,9.6,100,0.41,28.09.csv,2015
A10102,Mandelgipfel ,2.4,2.4,1,NA,2.4,0,0,2.4,100,0.1,28.09.csv,2015
A10103,Vanille-Gipfel,4.8,4.8,2,NA,2.4,0,0,4.8,100,0.21,28.09.csv,2015
A10105,Schinkengipfel ,2.5,2.5,1,NA,2.5,0,0,2.5,100,0.11,28.09.csv,2015
A10111,Schoggi Fair,6.6,6.6,3,NA,2.2,0,0,6.6,100,0.28,28.09.csv,2015
A10114,Fitnessbrötli ,1.7,1.7,1,NA,1.7,0,0,1.7,100,0.07,28.09.csv,2015
A10117,Nuss-Semmel ,1.7,1.7,1,NA,1.7,0,0,1.7,100,0.07,28.09.csv,2015
A10122,Nussbrille,2.5,2.5,1,NA,2.5,0,0,2.5,100,0.11,28.09.csv,2015
A10126,Apfel im Schlafrock,2.4,2.4,1,NA,2.4,0,0,2.4,100,0.1,28.09.csv,2015
A10129,Aprikosen-Bögli,2.4,2.4,1,NA,2.4,0,0,2.4,100,0.1,28.09.csv,2015
A10135,Wähe,3.9,3.9,1,NA,3.9,0,0,3.9,100,0.17,28.09.csv,2015
A10161,Muffin gross,12,12,4,NA,3,0,0,12,100,0.52,28.09.csv,2015
A10200,Birchermüesli Classic,6.4,6.4,2,NA,3.2,0,0,6.4,100,0.28,28.09.csv,2015
A10413,Sandwich Start Your Day,9,9,2,NA,4.5,0,0,9,100,0.39,28.09.csv,2015
A10416,Sandwich Ticinese,12,12,2,NA,6,0,0,12,100,0.52,28.09.csv,2015
A10425,Sandwich Italien,6,6,1,NA,6,0,0,6,100,0.26,28.09.csv,2015
A10451,Sandwich Bauette,10,10,2,NA,5,0,0,10,100,0.43,28.09.csv,2015
L19100,Patisserie offen,2.4,2.4,1,NA,2.4,0,0,2.4,100,0.1,28.09.csv,2015
Total Gruppe,NA,2322.7,2322.7,343,1.67,6.77,0,0,2322.7,NA,100,28.09.csv,2015
A10000,Küche,10.7,10.7,3,NA,3.57,0,0,10.7,100,0.61,29.09.csv,2015
A10001,Favorite,838,838,115,NA,7.29,0,0,838,100,47.71,29.09.csv,2015
A10002,Green,330,330,44,NA,7.5,0,0,330,100,18.79,29.09.csv,2015
A10004,Brot Stück,0.6,0.6,2,NA,0.3,0,0,0.6,100,0.03,29.09.csv,2015
A10006,Menu Salat,46.5,46.5,31,NA,1.5,0,0,46.5,100,2.65,29.09.csv,2015
A10013,Kitchen 3,116,116,10,NA,11.6,0,0,116,100,6.6,29.09.csv,2015
A10020,Local 0,282,282,38,NA,7.42,0,0,282,100,16.05,29.09.csv,2015
A10023,Local 3,11,11,1,NA,11,0,0,11,100,0.63,29.09.csv,2015
A10040,Garden,51.3,51.3,7,2.158,23.77,0,0,51.3,100,2.92,29.09.csv,2015
A10063,Frucht 1.00,5,5,5,NA,1,0,0,5,100,0.28,29.09.csv,2015
A10072,Schichtjoghurt,6,6,2,NA,3,0,0,6,100,0.34,29.09.csv,2015
A10101,Ragusa-Gipfel ,7.2,7.2,3,NA,2.4,0,0,7.2,100,0.41,29.09.csv,2015
A10102,Mandelgipfel ,4.8,4.8,2,NA,2.4,0,0,4.8,100,0.27,29.09.csv,2015
A10105,Schinkengipfel ,2.5,2.5,1,NA,2.5,0,0,2.5,100,0.14,29.09.csv,2015
A10108,Laugenbrezel mit Butter,4.4,4.4,2,NA,2.2,0,0,4.4,100,0.25,29.09.csv,2015
A10121,Mandelschnecke ,2.9,2.9,1,NA,2.9,0,0,2.9,100,0.17,29.09.csv,2015
A10125,Nussstange,2.4,2.4,1,NA,2.4,0,0,2.4,100,0.14,29.09.csv,2015
A10126,Apfel im Schlafrock,4.8,4.8,2,NA,2.4,0,0,4.8,100,0.27,29.09.csv,2015
A10131,Vanille/Apfelstange,2.4,2.4,1,NA,2.4,0,0,2.4,100,0.14,29.09.csv,2015
A10135,Wähe,3.9,3.9,1,NA,3.9,0,0,3.9,100,0.22,29.09.csv,2015
A10161,Muffin gross,3,3,1,NA,3,0,0,3,100,0.17,29.09.csv,2015
A10200,Birchermüesli Classic,3.2,3.2,1,NA,3.2,0,0,3.2,100,0.18,29.09.csv,2015
A10401,Sandwich Mittel,5,5,1,NA,5,0,0,5,100,0.28,29.09.csv,2015
A10410,Sandwich Milano,4,4,1,NA,4,0,0,4,100,0.23,29.09.csv,2015
A10413,Sandwich Start Your Day,9,9,2,NA,4.5,0,0,9,100,0.51,29.09.csv,2015
Total Gruppe,NA,1756.6,1756.6,278,2.158,6.32,0,0,1756.6,NA,100,29.09.csv,2015
A10000,Küche,6,6,1,NA,6,0,0,6,100,0.36,30.09.csv,2015
A10001,Favorite,638,638,87,NA,7.33,0,0,638,100,37.83,30.09.csv,2015
A10002,Green,225,225,30,NA,7.5,0,0,225,100,13.34,30.09.csv,2015
A10006,Menu Salat,30,30,20,NA,1.5,0,0,30,100,1.78,30.09.csv,2015
A10012,Kitchen 2,261,261,25,NA,10.44,0,0,261,100,15.47,30.09.csv,2015
A10020,Local 0,415,415,58,NA,7.16,0,0,415,100,24.6,30.09.csv,2015
A10040,Garden,45.9,45.9,8,1.994,23.02,0,0,45.9,100,2.72,30.09.csv,2015
A10063,Frucht 1.00,3,3,3,NA,1,0,0,3,100,0.18,30.09.csv,2015
A10072,Schichtjoghurt,3,3,1,NA,3,0,0,3,100,0.18,30.09.csv,2015
A10108,Laugenbrezel mit Butter,4.4,4.4,2,NA,2.2,0,0,4.4,100,0.26,30.09.csv,2015
A10115,Kaisersemmel ,1.4,1.4,1,NA,1.4,0,0,1.4,100,0.08,30.09.csv,2015
A10121,Mandelschnecke ,4.8,4.8,2,NA,2.4,0,0,4.8,100,0.28,30.09.csv,2015
A10135,Wähe,3.9,3.9,1,NA,3.9,0,0,3.9,100,0.23,30.09.csv,2015
A10144,Trockengebäck 100g verpackt,4.4,4.4,2,NA,2.2,0,0,4.4,100,0.26,30.09.csv,2015
A10161,Muffin gross,9,9,3,NA,3,0,0,9,100,0.53,30.09.csv,2015
A10200,Birchermüesli Classic,6.4,6.4,2,NA,3.2,0,0,6.4,100,0.38,30.09.csv,2015
A10401,Sandwich Mittel,15,15,3,NA,5,0,0,15,100,0.89,30.09.csv,2015
A10403,Bagel 1,5.5,5.5,1,NA,5.5,0,0,5.5,100,0.33,30.09.csv,2015
L19100,Patisserie offen,5,5,2,NA,2.5,0,0,5,100,0.3,30.09.csv,2015
Total Gruppe,NA,1686.7,1686.7,252,1.994,6.69,0,0,1686.7,NA,100,30.09.csv,2015
